FEN,Move
r4rk1/1p1b2pp/1qp1p3/3pP3/1P1PpPB1/P5P1/7P/R2Q1RK1 b - - 2 19,a8a7
6k1/pp4q1/2p2r2/3p3Q/5PNp/P1P1P2P/1P4P1/2KR3R b - - 1 30,g7f7
1r4k1/B5bp/4p1p1/1P1pP3/5P2/2P5/1P4P1/4K2R b K - 0 23,b8b5
rnb1q1k1/ppp1rppp/8/3p4/3P4/P4B1P/1PP2PP1/R1BQ1RK1 w - - 4 13,f3d5
5r1k/p2N2pp/7q/2pQ3P/5P2/b3P3/P7/5RK1 w - - 0 29,d7f8
8/ppp2pkp/2np2p1/8/4R3/2qP3P/2P2PP1/1RK5 b - - 7 28,d6d5
3r1r1k/pp3p1p/2pp2Pq/4n3/4P3/6QN/PPP1R1PP/1K1R4 b - - 0 24,f7g6
r3rnk1/1p1b3p/p1p1p1pn/2PpP3/3P1RPP/1P1B1N2/P4B2/3R2K1 b - - 0 29,e8e7
rn3rk1/ppp2pp1/1b2bq1p/3N4/8/5N2/PPP1BPPP/R2Q1RK1 b - - 1 12,f6b2
8/8/7p/1p3kn1/P3p3/2B1K3/8/8 w - - 0 44,a4b5
r4r1k/pp2npp1/4p3/Q6P/8/P2KPN2/5PP1/R6R b - - 0 23,f8c8
3kr3/p1p2ppR/8/4p3/1b1p2P1/3PPn2/rBKP4/8 b - - 0 29,f3d2
2r3k1/2pR1pp1/p3p2p/1p1bP3/1P2pP2/P3P3/1BP1K1PP/8 b - - 1 20,g8f8
rnbq1rk1/pp2ppbp/5Bp1/8/2pP4/2N2N2/PPP2PPP/R2Q1RK1 w - - 0 10,f6g7
r3k2r/p1pnqppp/1pQb4/8/4PP2/8/PPPB2PP/RN3RK1 b kq - 6 13,e8c8
r3n2k/1p4bp/pqb3p1/2pp1r2/P3NP2/3P3P/1PPB2PN/1R1Q1RK1 w - - 0 20,a4a5
rn3rk1/p1p2pBp/1p2p1p1/3q4/8/1P3N2/P1PPQPPP/2KR3R b - - 0 12,g8g7
1k6/pp1nrp1p/8/5N2/5P2/4P3/PPR1K2P/8 b - - 2 26,e7e6
r2qkb1r/2p1nppp/p7/1p1p4/3n4/1BNQ3P/PPP2PP1/R1B1K2R b KQkq - 1 11,d4b3
8/R5p1/4kpP1/8/P3PK2/6P1/2r4P/8 b - - 0 37,c2h2
r4rk1/pp3ppp/2p1p3/4n1P1/4N2P/1PPPK3/P4P2/4R2R w - - 5 23,h4h5
3r2nQ/3kb2p/Bq1pp3/8/2R5/2N1B3/PPP2P1P/2K4b w - - 1 24,e3b6
4r1k1/2p3pp/1pp3b1/p2r4/P2P4/1N1p1PP1/1P1R2KP/R7 w - - 3 23,g2f2
2r2rk1/3bnpb1/pq2p1p1/1p1pP3/2pP1P1p/P1P1B1NP/BP4PK/2RQ1R2 w - - 0 22,g3e2
6k1/6pp/p7/1pqpn3/8/P3PN2/4Q1KP/8 b - - 1 35,c5c4
2rq1rk1/p2n1pbp/4p1p1/2Pb4/8/P2BPN2/1BQ2PPP/R4RK1 b - - 0 15,d5f3
4k2r/2p1b2p/5p2/4n3/7P/4P3/P3K3/8 b k - 0 27,e7a3
1rbk3r/p1p1bp1p/2p2Np1/2p1P3/1BB1qP2/1P6/P5PP/R3K2R w KQ - 0 20,f6e4
8/1R3pk1/6pp/1B6/1P6/P1n3PP/5P2/6K1 b - - 0 44,c3e4
rn1qkb1r/2p2ppp/p2p1n2/1p2p1B1/4P1b1/2NP1N2/PPP1BPPP/R2Q1RK1 b kq - 1 7,f8e7
r2q1rk1/1p1n1pp1/2p1pn1p/2Pp4/1P1P4/2NQPNP1/5PP1/2R2RK1 b - - 0 17,d8c7
4rr2/ppp1pkb1/2n1R1pp/3p4/3P2nB/2P2N2/PP1N1PPP/4R1K1 b - - 1 16,g4f6
4r1k1/p5p1/1p6/3p4/1P6/P2P2R1/K1P1N3/8 b - - 0 39,e8e2
1R1B4/3pk3/8/P3p2p/4P2K/1p3P2/r7/8 b - - 3 40,e7e6
8/4pk1p/B2b2p1/R3p3/8/2P1BK1P/1r3PP1/8 b - - 1 35,e7e6
2k2r1r/pp2qpp1/2p1p3/P2nN2p/3P4/2P4P/1P2QPP1/R4RK1 b - - 0 18,a7a6
r4rn1/3b3k/p2p2pP/2pP4/3qPN2/2N2P2/1P5Q/2R1K2R w K - 1 26,h2g3
r2qk2r/1pp2pp1/pbnp1nbp/4p3/4P2N/1BPP2NP/PP2QPP1/R1B1K2R b KQkq - 4 12,f6d7
r4rk1/3nbpp1/1q2p2p/ppp4P/3P1B2/2P3N1/PPQ2PP1/R3R1K1 w - - 0 19,d4d5
r4r1k/p1qnNppp/4p3/2Pp1b2/3Pn3/4P3/P2BBPPP/RN1Q1RK1 w - - 1 15,e7f5
8/8/4pp1k/8/5PB1/6B1/2qr1PK1/8 b - - 2 51,c2c1
r4rk1/ppp2pp1/2npbq1p/2b1p3/4P1P1/P1NP1N1P/1PP1BP2/R2QK2R b KQ - 0 10,a7a5
rr6/2p1q1pk/4pp1P/1p1p4/pPnP4/P1Q1PP2/1BP5/1K1R3R b - - 0 27,g7g6
6k1/bp4p1/p2Np2p/P1ppp3/8/B2n1K1P/8/8 b - - 1 31,b7b5
rnb2rk1/ppp2pbp/4p1p1/8/2B2N2/1P1Pq1P1/P1P4P/2B1K2R w K - 0 15,c1e3
r1bqk2r/p1pp1p1p/5np1/1B2p3/Q2nP3/2b5/PP1P1PPP/RNB1K1NR w KQkq - 0 9,d2c3
2kr3r/pp2np2/4p1p1/2qpP2p/P1n2P2/1P1B1N2/2P3PP/R1BQR2K b - - 0 17,h5h4
r3nk2/p1b2ppp/1pn5/2p1p3/P1NpP3/3P1NPq/1PP2P1P/R3KQ1R b KQ - 3 16,h3e6
R3kbr1/7p/5pp1/2p5/8/2P2P1P/5P2/6K1 b - - 2 31,e8f7
r5k1/pppq1p2/2nb4/5P1Q/3pr2P/1P5B/PBP2P2/R4RK1 b - - 0 19,d7d8
r3k2r/1pp2ppp/p1qbbn2/3p4/1PPPp3/NQ2P3/PB3PPP/R3K1NR w KQkq - 1 11,c4c5
3rR1k1/p1Q3p1/3r1p1p/1B1P2q1/2P5/1P4PP/P2R1P2/6K1 b - - 5 32,g8h7
2r5/4kp1p/2pRb1p1/p7/Pr2P3/2p1KP1P/2P3P1/2R2N2 w - - 4 30,d6d3
8/pbb5/2p1kpn1/4pN2/4P1P1/PP3P2/1BP4R/2K5 w - - 3 36,h2h7
3r2k1/1p6/4b3/p4pp1/2PN4/1P1K4/7P/8 b - - 3 31,e6d7
r4rk1/pp6/7p/4pbp1/8/4B2P/PP3PP1/3R1RK1 w - - 0 21,d1d6
5r2/p5k1/1p2b1p1/2p5/3pR3/P5N1/5PP1/5RK1 b - - 2 39,e6b3
r4r1k/p5p1/5Q1p/8/3p4/8/PPP2PPP/R3R1K1 b - - 0 20,f8f6
8/p6p/1k6/2r1p3/2B1R2P/P3N3/5K2/3R4 b - - 1 39,c5a5
2k1q2r/1pp3pp/p1p2n2/8/8/2N1NQ2/PPP2PPP/R5K1 w - - 1 19,f3d1
rn1q1rk1/1p2bp1p/4p1p1/3pB2n/p2P4/P1PQ1P2/1PBN2PP/1K1R2NR b - - 1 17,b7b5
4k2r/ppp3pp/4N3/4n3/8/8/PPP3PP/R5K1 b k - 0 17,e8f7
r1bqk2r/pp1pnppp/2n5/2b1p1B1/2P5/5N2/PP2PPPP/RN1QKB1R w KQkq - 4 7,g5e7
4rk2/1pp5/p2p1nQR/4p2P/1PP5/5p2/P4q2/2KR4 w - - 3 34,g6f6
8/1KP5/p5p1/P7/1q6/8/6k1/8 w - - 0 47,b7a8
8/2B3pk/P4p1p/8/2b3P1/2P4P/7N/6K1 b - - 0 35,c4a6
1n2k3/4n2N/2bp1bp1/2p1p3/4P3/P1BP2N1/2P3PP/3QK2R b K - 0 26,b8d7
r1b4r/ppp1n1k1/3q2p1/3p2B1/3b4/2NB1Q2/PP3PPP/R4RK1 w - - 4 15,h2h3
r2r4/p1p1kpQ1/1p2p1n1/2p3P1/8/2NB4/PPP2K2/R6R w - - 1 21,g7f6
r2q1rk1/p1p2ppp/b1pb1n2/3p4/4p3/1P1PP1N1/PBP2PPP/RN1Q1RK1 w - - 1 10,f1e1
r2q1rk1/2pn1ppp/1p1pp3/p2bP3/3P1P2/3B1N2/PPPRQ1PP/2K4R w - - 0 13,d3h7
1rb1kb1r/1p1ppppp/pq3n2/2p5/3P4/2N1P3/PPP2PPP/1R1QKBNR b Kk - 1 6,e7e6
3k1b1r/2R3p1/p3pn2/4Bb2/N2Pp2p/7P/PP3PP1/4R1K1 w - - 2 26,e1c1
7k/6p1/5p1p/8/3r1P2/R5KP/5P2/8 w - - 0 35,g3g4
1R6/2B1pk2/5pp1/r1NP4/8/4P1P1/5PK1/8 w - - 1 36,c7a5
8/1p6/1p1k4/6p1/2P3K1/1P4P1/P7/8 b - - 3 48,d6c5
2kr1b2/ppp2Q2/5qp1/4p2p/2B1P3/7P/PPP2PP1/R1B2RK1 b - - 0 13,f6h8
rn2k2r/pppbqppp/4pn2/8/8/2BP1N2/PPPQBPPP/R3K2R w KQkq - 3 10,c3b4
8/8/1R6/3k1ppp/3B4/4P2P/2r2PP1/6K1 w - - 3 41,h3h4
rnb1k2r/pppq1ppp/4p3/3p4/3Pn3/3BPN2/PPP2PPP/RN1QK2R w KQkq - 2 8,d3e4
1r4k1/4pp1p/1PBq2p1/3P4/3b2P1/2p2P2/4Q2P/1R2R2K w - - 0 38,b6b7
rnbqkbnr/pp2pp1p/6p1/2p5/3pP3/3P2N1/PPP2PPP/R1BQKBNR b KQkq - 1 5,g8f6
r6r/3kn3/p2bbp2/1p1pp1p1/7p/P1N1P2P/1B1P1PPN/R1R3K1 b - - 1 18,a8c8
rnb1k2r/p1q2ppp/3np3/4N3/2pP4/4P3/2Q2PPP/R1B1KB1R b KQkq - 1 14,e8g8
r2qk2r/pp1n1pp1/2p2n1p/4p3/2PbP3/P1N2B1P/1P3PP1/R1BQ1RK1 w kq - 1 12,c3e2
r1q1r1k1/5pbp/pp1p2b1/2pPp1B1/P1P1P2R/2N3P1/1P3PK1/R7 w - - 1 26,g3g4
3k4/2R4R/8/pBP5/4pB2/4P1Pb/4r3/5K2 w - - 3 46,h7h3
r2qr1k1/pb1ppp1p/1p4p1/2b1P1B1/5P2/3Bn3/P1P1N1PP/RQ3R1K w - - 5 18,f1f2
3r3r/p1kp1pp1/Bpp5/4P3/4qP2/2B2pQ1/PP5P/1K5R w - - 7 28,b1a1
2k5/1p3p1p/2pp4/5P2/1r5P/5K2/8/8 b - - 1 38,h7h5
r4rk1/1b4pp/p4n2/4p3/1q6/4B3/3NQPPP/2R2RK1 w - - 4 24,e3c5
rnb2rk1/pp3pbp/3qp1p1/1N1p1nB1/8/1B1P1N1P/PPP2PP1/R2QR1K1 b - - 2 12,d6b6
8/6p1/1p2k1K1/3pP3/p7/8/8/8 b - - 1 42,a4a3
r2r2k1/p3bp1p/2p1b1p1/2q1p2P/4Q3/2NB4/PPP3P1/R4R1K b - - 0 20,d8d4
r7/2p1R3/2p5/8/5k2/8/4KP2/8 b - - 3 58,f4g5
3r1br1/pp1kn2p/2p3pP/q1Pp4/3Q1BP1/2N5/PP3P2/1K1RR3 b - - 6 23,g6g5
1k2Q3/p7/1p2p3/1B2P1p1/3q1p2/5P2/P1R3K1/8 b - - 16 51,d4d8
b7/6k1/p2N4/1p1pP2p/5P2/8/Pr4PP/2R2RK1 w - - 4 37,c1c7
r7/pp6/2p5/3p4/2k5/2b5/7r/1K6 b - - 15 46,h2h8
r2q4/ppp3pp/2n3k1/5R1R/4N3/8/PPP3PP/6K1 b - - 0 21,d8d1
1r3rk1/3bqp1p/P7/5P2/6P1/2N4P/KPP5/R6R b - - 0 27,b8b2
r4rk1/pppqbpp1/2n1p1np/3pP3/2PP4/1P3NB1/P2N1PPP/R2QK2R w KQ - 1 13,h2h4
r1b2rk1/p4pbp/1q2p1p1/3p4/3PNB2/Q3P3/PP2NPPP/1R2K2R b K - 0 15,d5e4
2kr3r/2pqbpp1/1p1p1nn1/P2P3p/8/1Q2PN2/3N1PPP/1RB1KB1R b K - 0 18,f6d5
2r2r2/p7/8/3k4/3p4/P7/3R1P1P/5K2 w - - 4 34,h2h4
1q2rnk1/p3rpp1/2p4p/1p2PQ2/8/1P4N1/P5PP/4RRK1 w - - 5 29,h2h4
8/8/4pR2/6p1/2b3k1/8/5PK1/8 w - - 2 48,g2g1
6k1/6bp/3q2bN/Pp1p2Q1/1P1Pp3/2r5/5RP1/6K1 b - - 1 30,g7h6
r3k2r/1bqnbp2/p2p2p1/1p6/4P3/4B1Q1/PPP2PPP/R3K2R b KQkq - 3 15,e7h4
1r5r/3P4/5k2/5b2/1pK3p1/2p5/8/8 b - - 1 49,h8h7
r1b1kb1r/1pp1qppp/p2p1n2/4p3/2BnP3/2NP3N/PPP2PPP/R1BQK2R w KQkq - 0 8,h3g5
8/5p2/4p1k1/PR2P1pp/5P2/r5PK/7P/8 b - - 1 36,g5f4
5k2/2pR4/P4b2/6p1/3p3p/1P1B4/r1P2PK1/8 w - - 2 49,g2f3
2r1r1k1/1pq1bpp1/p2p1n1p/2p5/P1Q1PB2/2N4P/1PP2PP1/3RR1K1 w - - 0 17,f2f3
7R/p2nqp2/k7/1P1Q4/P7/4PN2/5Pp1/R5K1 b - - 0 29,a6a5
r2q1rk1/pp3p1p/2npb1p1/2pNp3/4P3/1P1P1Q2/P4PPP/4KBNR w K - 4 14,f3f6
7Q/8/b3p3/k2p4/5P2/5K2/8/8 w - - 0 54,h8c3
rnbqk2r/ppp2p1p/3bp3/6p1/3Pp3/4PNB1/PPP2PPP/R2QKB1R w KQkq - 0 8,f3d2
r1b1q1k1/ppp2ppp/6n1/8/8/1B5P/PP1N1PP1/R3Q1K1 b - - 1 17,c8d7
rnbqkb1r/pp3ppp/2p2n2/3p4/2PP4/3B4/PP3PPP/RNBQK1NR b KQkq - 0 6,b8a6
3r3k/2Nr2pp/2qP1pn1/p3p3/8/1p3P2/1P4PP/3R1RK1 w - - 2 29,c7e6
r5k1/pNn2rb1/2pQ2pp/5p2/3p4/PP1P1q1P/1P3P1P/1RB2RK1 w - - 3 22,d6g3
1r2k3/p2n4/3Q1P2/4p3/P1B4P/3P1P1q/8/5RK1 b - - 3 37,h3g3
2r5/4k1pp/p3p3/5p2/RP2b3/3N2P1/2P2P1P/2KN4 w - - 1 27,d3c5
5r1r/1ppk4/p2p1p2/3PpR2/4P2p/2N5/PPP3PK/8 b - - 1 25,h8g8
r2q2k1/ppp2p1p/3n2p1/3pr2P/8/2PBP3/PPQ2PP1/R3K2R w KQ - 0 16,h5g6
3r2k1/p1p2ppp/4p3/8/7Q/6N1/Prq2PPP/R4RK1 w - - 4 19,h4d8
8/7P/p3k3/1b2pp2/1P1r4/6K1/1R1B4/8 b - - 0 50,d4g4
r1b5/pp2p1k1/2p1Pp2/3p2p1/4Q2b/3BP3/PPPK1q2/RN6 w - - 0 20,d2c3
2kr4/2p5/p2p4/1p4NR/1P2P3/2r3PK/2P5/8 b - - 1 30,d8e8
2r1k2r/1pp1bppb/p3p3/4n1P1/4P3/P1PP1N2/1P6/R3KB1R w KQk - 0 21,f3e5
1r6/2R3p1/4pk1p/3p1p2/8/4r2P/6PK/2R5 w - - 4 41,c7a7
2k5/ppp1p1b1/2n1qnpp/3N4/4pQ2/4P1B1/PPP2PPP/3R2K1 b - - 1 19,e6d6
8/1R4p1/4pk1p/3p1p2/8/7P/5PP1/5K2 w - - 2 35,f1e2
4rrk1/p4ppp/1p6/2q5/2Pp4/1P5P/P2RQPP1/4R1K1 w - - 0 22,e2e8
r1bqr1k1/p2nppbp/1ppp2p1/4P2n/2PP4/2N2NPP/PP3PB1/R1BQ1RK1 w - - 1 11,g3g4
r1b1k2r/pppp1ppp/2n2b2/8/2B5/8/PPPP1PPP/R1B1K1NR w KQkq - 2 9,c2c3
6k1/p1p2pp1/1p1bp1q1/n7/3P3Q/6P1/P3RP1P/5RK1 b - - 3 28,g6d3
rn1q1rk1/pbpp2p1/1p2pn1p/2b5/4P3/2NB1N2/PPP2PPP/R1BQ1RK1 w - - 4 9,d1e2
8/2K1k3/2p3r1/2P5/8/8/2R3P1/8 b - - 0 47,e7e8
8/5kp1/1K5p/ppq5/3b4/P2b1P1P/6P1/8 w - - 0 39,b6b7
rnbqk2r/pppp1ppp/8/8/2P1N3/8/PP1PPbPP/R1BQKB1R w KQkq - 0 7,e4f2
2r3k1/3bn1q1/3p1p1p/2p1pPp1/rpP1P1P1/3P1N1P/1R1QR1BK/8 b - - 1 36,c8e8
6k1/p3qp1p/6p1/2pP4/2pb4/P7/1P3PPP/R1BR2K1 b - - 0 21,e7f6
r2qkbnr/1Qp1pppp/p1n1b3/3p4/8/2P3P1/PP1PPPBP/RNB1K1NR b KQkq - 0 5,c6e5
r2q1rk1/pp2ppbp/2p2np1/2P2b2/8/6P1/PP1PPPBP/R1BQ1RK1 w - - 2 12,d2d4
2kr4/1p4pp/1q2p3/p7/2p1PP2/BP1p4/P1P2QPP/5RK1 w - - 0 24,f2b6
r3n2k/ppp1n1p1/3p2rp/4p3/2BPPp2/P1P4q/PB3P1N/R2Q2RK w - - 6 20,g1g6
rnbqk2r/pp1pnpbp/2p1p1p1/8/3P4/3BPN2/PPPN1PPP/R1BQK2R w KQkq - 0 6,e3e4
r1bqkb1r/ppp2ppp/3ppn2/3P4/2P5/2P2NP1/P3PPBP/R1BQ1RK1 w kq - 0 10,d5e6
2kr1bnr/pbpn1ppp/1p1ppq2/1B6/3P1B2/2P1PN2/PP1N1PPP/R2QK2R w KQ - 3 8,d1a4
2kr3r/ppp2ppp/8/4p3/2B3P1/2P1bPN1/P2N2K1/R2Q1R2 b - - 1 20,d8d2
8/8/p2k1p2/1p1p1b2/3K4/P7/8/8 w - - 1 61,d4e3
8/q6p/5Kp1/4BP2/4k1P1/8/8/2q5 b - - 1 63,h7h6
6k1/4pp1p/3p2p1/2p1bN2/2P1P1Q1/3B3P/3P1P1K/q6b w - - 3 35,f2f4
r1b2rk1/1ppqnppp/p1np4/5P1Q/4P1P1/P1N1B3/1PP4P/2KR1B1R b - - 0 15,f7f6
2q1k2r/p2b1ppp/4pn2/3p4/1B1P4/4PN2/1P1Q1PPP/1BR3K1 b k - 1 19,c8a6
8/pkp2p2/P1p5/4p2p/3pP3/QP1P1P1q/2P1KP2/8 b - - 0 31,b7c8
5rk1/pp4pp/4P3/4p3/2pbP3/P6P/5PP1/1R3RK1 b - - 0 27,b7b6
6k1/8/5p2/6pp/4Nn1P/8/6PK/8 b - - 1 42,g8f7
rnbqk1nr/pppppp2/7b/7p/3PP1p1/2N2P2/PPP3PP/R1BQKBNR w KQkq - 1 5,c1h6
3r2k1/p4ppp/1b2p1n1/4P3/1P2N3/P5Pb/1B3P1P/R5K1 b - - 3 26,h7h6
r1bqr1k1/ppp1bppp/2np1n2/8/3PP3/2N2N1P/PPB2PP1/R1BQK2R b KQ - 2 9,c6b4
2r3k1/p4ppp/4p3/8/7P/1P4P1/P3R3/4K3 w - - 1 24,e2e4
r5k1/1p3p1p/4p1p1/1b1p4/p4PNQ/P7/1qR3P1/4R1K1 b - - 0 27,b2c2
r3r1k1/1bp2pp1/3b1q1p/p1p4Q/PpB1P3/3P3P/1PP2PP1/R1B2RK1 b - - 2 17,b7a6
r2qk2r/3b2pp/p2b1n2/n3p3/2p5/P1Pp1NNP/B2P1PP1/1RBQR1K1 b kq - 1 17,e8g8
r3r3/1p2k3/pqn5/3p1B2/3P3Q/2P4P/PP1N1PP1/1R3RK1 b - - 0 22,e7d6
r3k2r/pb1p1p1p/p1pPp2p/q7/4P3/2b2N2/PPP2PPP/R2QR1K1 w kq - 0 11,b2c3
r2qrbk1/ppn2p1p/3p2pP/2pP1b1n/2P4N/P1N1B3/1P2BPP1/2RQ1K1R b - - 8 17,h5g3
6k1/pp4p1/2p2p1p/2PnpP2/1P1q4/PB4PP/4Q2K/8 w - - 4 37,e2d1
r4rk1/1p1b1p1p/5qp1/n1Q1N3/1R1N4/P2P3P/2P2PP1/5RK1 b - - 1 24,d7f5
r5k1/1p3ppp/4p3/1R2P3/8/8/P1r2PPP/5RK1 w - - 0 21,h2h4
r3k2r/pppq1pp1/3p1nnp/4P2b/3P4/2NBB1QP/PPP3P1/R3K2R b kq - 0 13,d6e5
2r3k1/3p3p/6pP/3rPp2/pp1N1P2/3K4/PP6/3R4 w - - 3 35,d3e3
r4rk1/ppp1nppp/1b1p1q2/P7/1PB5/1QP1PP2/5P1P/3R1RK1 b - - 0 17,e7f5
8/5p1k/7p/2QP4/4PNr1/2N2K2/8/3b4 w - - 3 38,c3d1
1r2r1k1/pp1q1ppp/2p2n2/3np3/Q5b1/3P1NP1/PP1BPPBP/2R2RK1 b - - 1 14,e5e4
2kr3r/ppp3pp/3b1n2/2q1pR2/8/2NP4/PPP1BBPP/R2Q3K b - - 4 14,c5b4
2k4r/pppq1p1p/3b1Bp1/3P4/3pN3/2PK1Q2/Pr4PP/R6R b - - 3 22,d4c3
2r3k1/1bq2pb1/4p1p1/1pPpP2p/1p1N1P2/P6P/4Q3/4R1K1 w - - 0 27,a3b4
r1b2rk1/2pp1ppp/p1nqp3/1p1n2P1/1P1P1P1P/P3P3/1P4B1/RNBQK1NR w KQ - 0 11,b1c3
1r1qr1k1/p1pn1ppp/6b1/2b5/6Q1/3P1N2/PPP1BPPP/RNB2RK1 b - - 0 14,e8e2
3r4/2p1bp2/kpNp4/4p2Q/7p/2B2P1q/p1PP1P1P/2KR3R b - - 2 20,h3d7
1r2r1k1/pBp2pbp/6p1/8/8/2NbP1P1/PPnB1P1P/3RR1K1 w - - 1 20,b7g2
rnb2rk1/pp5p/4p1p1/3p4/8/8/P3KPPP/R4B1R w - - 0 17,h2h4
r1b5/p5kq/1p3b1p/4NPp1/2BP4/2P5/P1Q3PP/4R1K1 b - - 2 27,c8f5
2kr3r/ppp2p1p/4b1p1/4b3/4P3/2P2PP1/PP4P1/RN3RK1 w - - 0 16,b1a3
2rr2k1/p2qbp2/Qp2p1pp/8/3B4/2P4P/P1B2PP1/1R2R1K1 w - - 1 24,b1d1
8/8/5k2/3Q3p/4B2K/8/8/8 w - - 4 60,h4h5
1k3rq1/1b5R/1p3p2/1N1pP1N1/P7/6Q1/1P6/2K5 b - - 0 37,f8c8
2rq1rk1/5bpp/1p1QB3/8/1p2P3/n4P2/6PP/3R1RK1 w - - 1 26,d6b4
1r2kb1r/3qn1p1/2npbp1p/p1p1p2P/4P3/N1B5/2PP1PPR/R1Q1KBN1 b Q - 17 22,d6d5
rnbqk2r/6pp/p1pb1p2/1p3p2/2BPpP2/2N4N/PPP3PP/R2QK2R w KQkq - 0 10,c4b3
2kr3r/ppp2pp1/2n1pnp1/8/3P4/4PN1P/Pq1N1PP1/R2QK2R w KQ - 2 15,e1g1
r2q1rk1/bpp3pp/p2p4/P3p3/1PP2p2/2P5/4QPPP/R4RK1 b - - 2 21,c7c6
r1bq1rk1/pp2bppp/3ppn2/8/2PNPP2/2NQB3/PP4PP/R4RK1 b - - 1 11,f6g4
7K/8/6P1/8/8/8/1p4k1/8 b - - 0 60,b2b1q
rn5r/ppp1kpp1/5n1p/2P1p1Bb/4P3/2N2P2/PPP3PP/2KR1B1R w - - 0 11,c3d5
8/8/2r5/2P3B1/6kP/2R1K3/8/8 b - - 10 60,g4f5
r4rk1/5ppp/p1b1p3/P3P3/N1P5/3n4/5K1P/1RR5 w - - 2 32,f2e3
r3k2r/ppp4p/5p2/8/3n4/5P2/PPP2P1P/R3KB1R w KQkq - 1 15,e1c1
3r1rk1/1p2qpp1/2p2np1/p2Pp1N1/2PbP1B1/2N2QP1/PP4K1/2R4R b - - 6 24,d4c3
r3r1k1/ppp1qppp/8/6P1/8/P1NQ4/1PP3P1/2K4R b - - 0 19,e7g5
6rk/1b2qpp1/p3p2p/1p4r1/6R1/8/PPB1Q1PP/3R3K w - - 10 30,g4g5
r1b1kbnr/pppp1ppp/2n2q2/1B2p3/8/4P3/PPPP1PPP/RNBQK1NR w KQkq - 4 4,g1e2
3r2k1/p4p1p/5p2/1pp5/3p3N/2P5/PP3PPP/2K1R3 w - - 0 22,c3d4
2r2krR/p4p2/1p3Q2/2p2p2/2Np4/3P4/PP3PPP/4R1K1 b - - 6 32,g8h8
6rk/p6p/8/3p4/5b1P/2KP4/PPP2n2/RNB5 b - - 0 29,f4c1
8/2k2Bp1/1n2p3/1P6/3K1P2/1P6/2rN2PP/8 w - - 1 37,d4d3
rn2k2r/pQ3ppp/3qpn2/3pN2b/3P4/4P2P/PP1B1PP1/R3KB1R b KQkq - 0 13,e8g8
r1b2rk1/pp2n1b1/2nqp1pp/2p5/4PP1N/2P5/PPQN2PP/R1B2RK1 w - - 2 16,e4e5
1r1r2k1/2p1qpp1/2np4/p3p1P1/P3Pn2/2Pb1N2/NP1Q1P1R/R3K3 b Q - 0 23,e7e6
2k5/ppp2ppp/2p5/8/8/2P3P1/PP3PK1/3q4 b - - 0 24,d1a1
8/8/8/8/1K4k1/8/2q5/1q6 w - - 6 67,b4a5
r2qkbnr/ppp3pp/5p2/8/2BP2b1/8/PP3PPP/RNBQR1K1 b kq - 2 9,f8e7
r1b4k/pppp2p1/7p/4q1b1/4Pn2/2PP4/PP3PPP/RN1Q1RK1 w - - 0 17,b1d2
8/P1K1q2k/1P2P3/8/8/2P3p1/8/8 w - - 1 69,c7b8
q6k/8/4Q2p/P2pP1p1/1p1P2P1/b3P3/3B2KP/8 w - - 0 41,e6h6
r2q1rk1/pbpnpp1p/1p4p1/4b1PP/8/2NQ4/PPP5/R1B1KBNR w KQ - 1 13,h1h4
r4rk1/p2q2pp/1pbbpp2/8/3PpP2/1P1B3P/PBP3P1/R2Q1RK1 w - - 0 16,d3e2
3r2k1/4b1p1/2Q1Nrq1/5p2/4bBPn/2N4P/PP6/4RRK1 w - - 3 25,c3e4
rn1qkb1r/pp3ppp/2pp4/8/4Ppn1/3P2P1/PPP3BP/RNB2KNR w kq - 0 8,g3f4
r3kb1r/pbq2p1p/2p3p1/4p3/2P3n1/2NB2PP/PPQB1P2/R4RK1 b kq - 0 15,g4f6
r2qk2r/pp1nbpp1/2p1p1p1/7n/P2P3P/2N1BP2/1P2P1P1/R2QKB1R b KQkq - 1 12,e6e5
8/1bpk2p1/1pn2pNp/1P1BpP2/p3P3/2P4P/P2N2P1/3K2b1 b - - 0 27,c6d8
4k2r/p4pp1/3Bp2p/n7/3Pp3/4PP2/P5PP/2r2RK1 w - - 0 24,f1c1
r3kbnr/1bq2ppp/p7/1p2p3/2p5/1B2BPP1/PPP3KP/RN1QR3 w kq - 1 15,a2a4
3R4/5pkp/p5p1/2p5/P3p3/4K1P1/1P5P/R7 w - - 0 34,e3e4
r2qk1nr/pppn1ppp/1b2p3/3pP3/3P4/2PB1Q2/PP1N1PPP/R1B1R1K1 b kq - 2 11,h7h6
r4rk1/pn1bbppp/B1p1pn2/8/1P2P3/P1N1B3/3N1PPP/R4RK1 b - - 4 17,d7c8
5k2/p7/1p2Rpp1/8/P1B5/8/1PK5/8 b - - 1 46,g6g5
rnbqk2r/pp2npbp/3pp1p1/2pP4/2P1P3/3B1N2/PP3PPP/RNBQK2R b KQkq - 2 7,e8g8
8/pp4kp/6p1/8/P7/3r2P1/1PP2PKP/1N2r3 w - - 0 29,c2d3
rn1q1rk1/ppp3pn/3bp2p/3p4/3P1pb1/PP3NP1/1BPNPPBP/R2QR1K1 w - - 0 11,c2c4
4r3/pppkr1pp/5p2/2PP1R2/1P2P1n1/P7/3N2PP/5RK1 w - - 3 25,f5f3
6rk/pbp3qp/2p2n2/4b3/N2p4/1P1B3Q/P1P3PP/1R3RK1 w - - 3 28,a4c5
4r2k/p1p3Rp/pbbp3B/4p3/1P5P/2P5/P5PK/8 b - - 3 27,b6e3
r2q1rk1/ppp1npbp/3p2p1/8/3n4/1PN2BPP/PBP2P2/R2Q1RK1 b - - 0 12,c7c6
rnb2rk1/ppp2pbp/4pnp1/8/4P3/1P3P2/PBP3PP/RN1qKBNR w KQ - 0 8,e1d1
r4r2/pp1b1ppk/2ppn3/4p3/4P3/P2PB2P/BPP2PP1/2K2R1R b - - 5 19,f7f5
2bkn3/8/2p5/8/5K2/8/4R3/8 w - - 0 46,f4e5
1k6/pp2Rp2/5Kp1/8/P7/r2r1P2/8/8 w - - 0 33,f6f7
1Q1b4/R1p1k2p/6p1/8/1P6/3p3r/3K4/8 b - - 1 33,h3h4
2r3k1/5pp1/5b1p/2B1p3/2n5/2N3P1/P4P1P/1R1R2K1 w - - 1 26,c3e4
r4rk1/p4ppp/2p5/3n1b2/3b4/7P/PP3PP1/R1B2RK1 w - - 1 18,f1e1
r3k2r/5p2/bp2p3/p3N1P1/3K2P1/2n5/8/2R1R3 b kq - 0 29,h8h3
8/7k/p4p1P/P7/1Pp5/2P2K2/8/7R b - - 0 50,h7h8
r2q1knr/pppbn1b1/3p4/3Pp1BB/2P4P/2N5/PP3P2/R2QK1NR b KQ - 0 14,g8f6
r1bq1rk1/1ppp1pp1/p1n2n1p/2b1p3/P1B1P3/2N2N1P/1PPP1PP1/R1BQR1K1 b - - 0 8,d7d6
r1b3k1/pp1pnrpp/3Qpp2/8/8/2B1qP2/PPP1B1PP/R3KR2 w Q - 5 15,c3d2
1k1r4/r2qn1b1/5p2/B3p1p1/p1Q1P2p/Pp5P/1P1N1PP1/2R1K2R b K - 9 33,a7a5
3r4/5p2/3p1bkp/3Pp1p1/1Q2P3/3P3P/3N1PP1/6K1 b - - 2 37,d8a8
r4r2/pp4kp/2p3p1/3pP1q1/3Qp3/1BP3P1/PP3P1P/R4bK1 w - - 0 20,h2h4
6rk/pppQ3p/7p/3p4/P2q2P1/B1n1n2P/7K/R7 b - - 1 31,d4f4
5rk1/p5pp/8/8/2P5/3PbN2/PP4PP/R4K2 w - - 2 24,a1e1
8/8/2p5/p2p4/1p1P2r1/2P2k2/PP5R/4NK2 b - - 1 39,f3f4
1k1r4/1p1b4/1ppPp2p/4P3/1P6/5P2/P5PP/1R3RK1 w - - 0 29,f1d1
2r2Q2/p1B1P1pk/3P2pp/1p3p2/8/5Pn1/P4qPP/6RK w - - 10 34,h2g3
2r2rk1/p3qp1p/1p1p2bQ/4p3/8/1NP2PnP/PP4P1/R4RK1 w - - 1 22,f1e1
B1bqk2r/p2n1pbp/1p3pp1/2p5/3p1P2/2PP2PP/PP2P3/R1BQ1RK1 w k - 1 14,c3d4
r1b1k2r/pp1p1ppp/3Pp3/4Pn2/3n4/q4N2/P2BBPPP/R2Q1RK1 b kq - 0 13,d4e2
2r3k1/r2pb1pp/2n1pq2/5p2/1p3P2/PN4P1/1P2QPBP/3R1RK1 w - - 0 21,a3a4
8/8/pp6/2p5/2P1k3/PPP5/3K4/8 b - - 0 47,e4f4
r2qk3/ppp4p/3prnp1/2bNn1Q1/4P3/3P3P/PPP2PP1/R1B2RK1 b - - 5 15,e5f7
8/1p3rpk/5r1p/2P2N2/3qp3/4P1NP/3R4/6K1 w - - 0 31,f5d4
8/1K3pp1/1N3k1p/p7/5P2/4n1P1/7P/8 b - - 0 42,e3f1
rn1qkb1r/pp3ppp/4pn2/2p1NbB1/2pP4/6P1/PP2PPBP/RN1Q1RK1 b kq - 1 8,d8c8
rnb1kbnr/pp2pppp/1q6/2p5/8/2N2N2/PPP1PPPP/R1BQKB1R w KQkq - 2 5,c3d5
r4rk1/pb2q1pp/1pnb1p2/2pppP2/6B1/1P1PP1Q1/PBPN2PP/R4RK1 b - - 0 17,e5e4
r5kr/pp4pp/2p2n2/6B1/8/3P4/PPP2PPP/2KR3R w - - 5 18,g5f6
r2qk2r/3b1pp1/p3pn1p/3p4/1b5B/1P2PN2/1P2NPPP/R2Q1RK1 b kq - 0 15,e8g8
r3r3/1k4pp/8/pN2n3/8/1b3K2/5PPP/3R3R w - - 5 32,f3g3
8/1p6/3k1b2/3ppbp1/7p/PB3P1P/1PP2BP1/5K2 w - - 0 25,a3a4
3r2k1/2p3pp/5p2/8/3B4/5qP1/PP3P1P/3RR1K1 w - - 0 26,d1d2
8/1pp5/1p1p2P1/5k2/5P2/P7/1PP5/1K4R1 b - - 0 42,f5f6
4r1k1/p5pp/2p3b1/2p1q3/3pp3/1P1P1Q1P/P1P2RP1/5RK1 w - - 0 28,f3f8
r4rk1/pp3ppp/8/4p3/4P3/q1P3R1/P3b1KP/R3Q3 w - - 0 22,e1e2
5r2/p7/3bk1pp/4p3/3pK3/3P1P1P/PP6/2BR4 w - - 0 32,d1h1
r1b1k2r/ppqn1pbp/4p1p1/3pP3/5B2/3B1N2/PPP2PPP/R2QR1K1 w kq - 0 12,h2h4
4Q3/2p4k/6b1/8/P1Pb1n2/1p2n3/3K4/8 b - - 0 46,g6e8
5rk1/b2nRppp/pq1p1n2/2pP1NB1/2P5/7P/P2Q1PPN/6K1 b - - 2 27,b6b1
8/p1kb2pp/2p5/P1p1p3/3n4/P2P2P1/8/5K2 w - - 0 27,a5a6
4r3/3k4/R2p2bp/7p/P2B1P2/2P5/1P3KPP/8 w - - 1 35,b2b4
8/2R5/8/1k1p4/p2K4/8/8/8 b - - 0 45,a4a3
8/8/1p1k2p1/1Pp2pP1/2P2P2/8/4K3/8 b - - 49 83,d6e7
r2q1rk1/p2n1ppp/1ppPp3/3n4/3PN3/3Q1N2/PP3PPP/R4RK1 b - - 2 14,d7f6
r1r1n1k1/1pp2ppp/8/3Rp3/4P3/P1N2P2/1PP3PP/2K4R b - - 1 21,f7f6
r3kbnr/ppq2ppp/2n1p3/3pPb2/P7/2N1BN2/1PP2PPP/R2QKB1R b KQkq - 0 9,a7a6
5rk1/p1q1prb1/7p/2PP4/3P3p/6PP/2Q3K1/3R1R2 w - - 1 30,g3h4
8/1Q5p/6p1/2kB1p2/8/7P/6P1/6K1 b - - 0 37,c5d6
r1bqkB1r/p2n1p1p/2p1p1p1/1p1nP3/3P4/2PB1N2/PPQ3PP/RN3RK1 b kq - 0 14,h8f8
r3q1k1/p1p4p/b1p3p1/3p1p2/3P1P2/P1b1B3/1PP2PBP/R2R2K1 w - - 0 18,b2c3
4k3/6P1/6K1/8/3B2q1/2P5/8/8 w - - 26 92,g6f6
8/8/8/8/8/4r1k1/8/6K1 b - - 19 84,g3f3
6k1/p1p2ppp/1p6/8/8/5N2/P1P1rPPP/R5K1 w - - 0 22,a1e1
8/5ppp/8/3Nn3/2k1P3/5PP1/6P1/6K1 b - - 6 38,c4d4
3Q1k2/p1p2p2/2n2r2/3Rp3/2P5/1P6/P1P2PPP/5RK1 b - - 0 22,c6d8
2r1k2r/pp3pp1/4p1p1/2qp4/3RnP2/2P2NPP/PP2QP2/1K5R w k - 4 19,f3g5
r1bqkbnr/pp3ppp/2n1p3/1Bpp3Q/8/4P3/PPPP1PPP/RNB1K1NR w KQkq - 2 5,b5c6
r1bqkb1r/ppp2ppp/2n5/3pP3/8/5Q2/PPP2PPP/RNB1K1NR w KQkq - 0 8,g1e2
5k2/7p/2p3p1/3b4/5P2/P3R1Pq/1PKR4/8 w - - 1 39,a3a4
2r2rk1/p4pp1/1q3n1p/2bN4/7B/5Q2/PPP2PPP/1R2R1K1 b - - 5 20,f6d5
2r1q2k/p5pp/1p6/4Pp2/1br5/1P1BP1P1/P3Q2P/3R3K w - - 0 29,d3c4
r4rk1/pb2qn1p/1p2p1p1/2b2p2/2Q5/1P2PNP1/PB3PBP/R4RK1 w - - 0 18,c4c3
2r2rk1/b1qn1pp1/p3p2p/1p1pPb1B/8/P1N3BP/1PP2PP1/R2QR1K1 w - - 2 19,h5g4
8/pp2Rr2/2p3k1/5r1p/P2P3P/2P3PK/1P6/4R3 w - - 0 35,e1e6
8/2R3k1/3R4/4P2p/pp5B/8/P5PP/6K1 b - - 1 34,g7h8
2r2r2/1p3pk1/p4R2/3pn1p1/6P1/4q2P/PP1NB2K/3Q4 w - - 2 26,f6f5
4k3/8/3p4/3p4/3Pp1bp/2P1P2P/6K1/8 b - - 1 38,g4f5
r1bqk1nr/pp3ppp/2n1p3/3pP3/1bpP4/2N1BQ2/PPP2PPP/2KR1BNR w kq - 6 8,f3g3
7R/p1n1k3/1r2p3/8/1p6/1K4P1/P6P/8 w - - 4 55,h2h4
7k/pb3prp/1n3B2/2p4Q/8/1P1P2qP/P1P1R3/1R3K2 w - - 1 25,e2e8
r1bq1rk1/1p1pnpbp/p1n1p1p1/8/3NP3/2N1B2P/PPP1BPP1/R2Q1RK1 b - - 1 10,b7b5
1r3rk1/5p1p/1pRp2p1/p2B4/2P5/8/Pb3PPP/3R2K1 b - - 5 26,b2c3
r2qkb1r/pppb1ppp/n2p3n/3Pp3/4PP2/2P3P1/PP5P/RNBQKBNR b KQkq - 0 6,h6g4
r3kb1r/1b2n1p1/pp2p2p/2p1q3/2P5/2N5/PP2B1PP/R1BQ1R1K b kq - 1 16,a8d8
3rr3/1p2q1kp/p5p1/2p2p2/4n3/2P1P1BP/1PQ1NPP1/R5K1 b - - 1 30,d8d2
5rr1/pp4p1/2k1p2p/3pqn1Q/8/3N1P2/PPP3PP/1K1R3R b - - 3 20,e5d6
r1bk1r2/b2p2p1/p1p4p/1p6/4N1n1/1B6/PPP1RPP1/5RK1 w - - 0 22,c2c4
r1bqk2r/pp2bppp/8/3p4/3p1P2/PB1P4/1PP3PP/R1BQ1RK1 b kq - 1 12,e8g8
8/8/1QK5/8/PB6/8/8/1k6 w - - 1 62,b6g1
7k/8/1R6/p7/1p4p1/8/P4PPN/6K1 w - - 0 37,g2g3
r2q1rk1/pb1nbppp/1p1p1n2/2pPp3/2P1P3/2NB3P/PP3PPN/R1BQR1K1 b - - 2 11,a7a6
8/8/8/6p1/5k2/7P/3K4/8 b - - 0 42,f4f3
6k1/5pp1/3N3p/1p6/p2n1P2/P5P1/1P4KP/8 w - - 0 38,g2f2
r1bqkb1r/p1p2ppp/2p2n2/3pp3/8/2P1P3/PP1P1PPP/RNBQK1NR w KQkq - 1 6,d2d4
r4rk1/pbq2ppp/1pnb1n2/1P1pp3/8/PN2PN2/1BP1BPPP/R3QRK1 b - - 0 13,c6d8
rnb2rk1/pp3ppp/5p2/2b5/2BN4/4B3/PPP2PPP/R3K2R b KQ - 4 11,b8d7
r2qk2r/pppbbpp1/2np1n1p/8/2BNP3/2N2P2/PPP3PP/R1BQR1K1 w kq - 1 10,a2a4
r2qk2r/1bp2p2/pp2p2p/3pPBp1/3n1B1b/P1N4P/1PPQ1PPN/R3K2R b KQkq - 0 14,d4f5
r2qr1k1/pppb1ppp/2nb1n2/4P3/1PB5/P1N1PNB1/5PPP/R2QK2R b KQ - 0 11,c6e5
1r1r2k1/2q2pbp/b1n1pnp1/p1pp4/Pp6/1P1PPNNP/1BP2PP1/1RQ1RBK1 b - - 1 17,e6e5
8/5p1k/p4prr/4Q3/2P5/1P3KPb/P2P4/5R2 w - - 0 41,e5a1
r5rk/ppp2qpn/1n1p2Rp/3PpP2/4P3/P2BQ2P/1PP1N3/2K3R1 b - - 6 24,h7f6
R5nr/2B3pp/2p2p2/1k6/8/1P6/P4PPP/6K1 w - - 2 28,a8b8
r2q1r2/ppp3k1/3p2p1/2nPpnNp/7P/2N5/PPPQ1PP1/2KR3R w - - 0 18,b2b4
8/5pk1/6p1/p4p2/7p/R7/P1r2PPP/3N1K2 b - - 1 30,f5f4
2kr3r/1bpp4/p4p2/1pb1pNp1/4P2p/1B1P3P/PPP2P2/5RRK b - - 2 19,c7c6
1r2r3/2R2pk1/3pq1pp/p2Np3/4P3/P2PQN1P/5PP1/6K1 w - - 6 28,f3d2
8/p5kp/3q1n2/5p2/8/5QP1/5PK1/8 w - - 0 41,f3b7
r4nk1/1pp2r1p/p4Bp1/6P1/1n2NP1Q/1P1PK2R/P1q5/7R b - - 4 26,b4d5
r6r/1ppk4/2npp3/1p2p3/1P2P1Nq/P1PP3P/3Q2P1/R4RK1 w - - 1 21,f1f7
6k1/ppp2pp1/6b1/7p/PP5P/6N1/1n1K2P1/8 b - - 1 34,c7c5
r3q1k1/1p1b1rpp/1PpBp3/p1Pnb3/P1BP1p2/4P2P/5PP1/R2Q1RK1 w - - 0 23,d6e5
6k1/p4p2/4p2p/1P4p1/P1R1PnK1/5P2/5P1P/r7 w - - 2 31,h2h4
4k1nr/1pp2ppp/pb2p3/4P3/1P2b2q/2P1P3/P1N3PP/R1BK3R b k - 2 18,h4g4
r2q1rk1/pp2bppp/2np1n2/2p1p3/6b1/1P1P1NPP/PBPNPPB1/R2Q1RK1 b - - 0 9,g4c8
3R4/6kp/6p1/5p2/2r5/7P/5PP1/6K1 b - - 3 43,h7h5
4r3/ppp2p1k/3p2pr/3P1b1p/2PR1PnP/1P4P1/P5B1/5RK1 w - - 1 26,g2f3
rn1qk1nr/pppbppbp/6p1/8/3P1B2/2N2N2/PP2PPPP/R2QKB1R w KQkq - 2 7,e2e4
1Q6/2p3pk/2p4p/5p2/P2P4/2P4P/1P1q2P1/5K2 b - - 9 36,d2f4
8/2R5/P1K5/r7/5k2/8/8/8 w - - 3 68,c6b6
r1bqkb1r/pp3ppp/2n2n2/2pB4/8/2N5/PPPPNPPP/R1BQK2R w KQkq - 1 7,d5c6
r2q1rk1/pp2nppp/1b3n2/1B1p4/P3p1b1/1N2P3/1PP2PPP/RNBQ1RK1 w - - 1 12,b5e2
rnbqk2r/pp2n1pp/1bpp1p2/4p3/2BPP3/2P1BN2/PP1N1PPP/R2Q1RK1 b kq - 1 8,e5d4
r2q4/ppp1k3/2nb2B1/7Q/1P1P4/2P2p2/P5PP/RN4K1 b - - 0 24,d8h8
r1r1b2k/6p1/5p1p/2Nq4/3P1P2/pp2P1QP/6P1/R3R1K1 w - - 0 31,g1h2
r2q1rk1/1pp1npp1/3pbn1p/4p3/p3P3/P1NPPN1P/1PPQB1P1/1K1R3R w - - 1 13,g2g4
r1bq1rk1/1p3pp1/2pp1n1p/p1b1p1B1/P1B1P3/2PP2QP/1P3PP1/RN3RK1 w - - 0 12,g5h6
3k2nr/p1p3p1/1p2bp2/nPQ1pq1p/7B/2N2N2/P3BPPP/3R2K1 b - - 1 19,d8c8
8/4K3/8/1Q1p4/4k3/P7/8/8 w - - 1 51,a3a4
r2q1rk1/1b3pp1/p3p2p/1p1pb3/3PnPQ1/P1P1PR2/1PB3PP/R1B3K1 w - - 0 19,f4e5
r6r/1p1Rn1pp/1k3p2/p1b1p3/8/P4N1P/1P2BPPB/2R3K1 b - - 10 20,a8d8
r3k2r/pp2np1p/3pq1pB/4b3/1Pn1P3/5N2/P4PPP/1N1Q1RK1 w kq - 2 16,f3g5
3kr3/2p3Qp/1r6/6N1/1P6/P2P1PK1/2q5/8 w - - 1 36,g7h7
r4rk1/ppp1bppp/2n5/3qp3/6bP/3PBN2/PPPQ1PP1/R3KB1R w KQ - 0 11,c2c3
r3k3/1bp2p2/p3p3/bp1nr3/2pN4/6K1/PP2B1PP/3R2R1 w q - 0 26,e2g4
8/8/7R/p1r4P/4PkP1/3K4/8/8 b - - 0 46,f4g4
1r1q2kr/p1p2pbp/4b1p1/Q4n2/3n2P1/1P1P3P/PBP1NPB1/R3R1K1 b - - 0 19,d4e2
rnb1k2r/pp2bppp/4pn2/3q4/3P4/4BN2/PP3PPP/RN1QKB1R w KQkq - 2 8,b1c3
5k2/8/5K2/5P2/8/8/8/8 b - - 5 52,f8g8
6k1/p6p/6p1/5p2/3b4/1P1p3P/P2B1rP1/4RK2 w - - 0 33,f1g1
8/pp1nk3/2p5/3ppQp1/8/2N4P/PPP3P1/R5K1 w - - 1 28,a1f1
2rqr1k1/pb2bpp1/1pp2nn1/3p3p/1P1P3P/P1N1PNP1/1B3PB1/2RQR1K1 w - - 0 17,f3e5
8/6pp/b4pkn/8/4N3/4PPB1/PPr3PP/3R2K1 w - - 16 31,d1a1
8/5k2/6p1/5p1p/3B4/2PN2P1/2r2PK1/8 b - - 11 50,g6g5
8/1p3k1p/3p2p1/8/5PP1/3K4/7r/8 w - - 0 38,d3d4
r1b2rk1/pp3pb1/6p1/3Bp1qP/8/2NPQ2P/PPP2P2/R4RK1 w - - 1 18,e3g5
rnbq1rk1/ppp3pp/5p2/3P4/3BnP2/8/PPP3PP/R2QKBNR b KQ - 1 10,f8e8
r1q1r1k1/pp5p/2pb2p1/3p2P1/4p3/1QP1P1P1/PP1N2P1/R3K2R b KQ - 1 19,c8g4
rn1qkb1r/ppp4p/4pnp1/4N3/4p3/2N5/PPPPQPPP/R1B1K2R w KQkq - 0 8,e2b5
Q4b2/5qkp/3B2p1/2p5/6P1/2P2P2/Pn3K1P/8 w - - 1 33,d6f8
2r5/2p5/1pk4R/8/2PR4/6B1/2r2P2/5K2 b - - 4 34,c6c5
2kr1b1r/2p2ppp/1pb1p1q1/p7/3Nn3/3BP3/PPQ2PPP/RNB2RK1 w - - 13 17,c2c6
1k3r2/p2p2p1/1p4q1/7p/P1P1n3/2P5/1PKB3P/4R3 w - - 0 33,c2d1
r6r/pN2kpp1/8/2ppn2p/1P1q4/P7/4QPPP/2R1K2R w - - 0 22,b7c5
7R/2r1k2p/3b1p2/2p1n3/2B1Pp1P/8/2P2PK1/8 w - - 2 33,c4d5
r4rk1/pp1nbpp1/2p2qnp/4p3/2B1P1b1/1PN1QN2/PBP2PPP/R2R2K1 w - - 11 14,c4f1
2R5/pp3k2/8/5K2/2Pq4/1P6/8/3q4 b - - 8 46,f7g7
r2q1rk1/1pp1nppp/p1npb3/2b1p3/2B1P3/P1NP1N1P/1PPB1PP1/R2QK2R w KQ - 0 9,c3d5
r4rk1/1b3ppp/pp2p1q1/2p5/P2P1B2/1PPB4/6P1/4RQK1 b - - 8 25,f7f5
6k1/2pq2pp/2n2p2/PpPp4/3P4/B5P1/P4P1P/4Q1K1 b - - 0 24,c6d4
2kr1bnr/pppb1pp1/2n1q3/4p2p/8/2NPBNP1/PPP2PBP/R2Q1RK1 b - - 1 9,h5h4
r1b2rk1/pp2qpbp/2pp1np1/8/4PP2/2NP1N1P/PP4P1/R1BQR1K1 w - - 0 12,c1e3
8/R7/4pQpk/P2p4/3q4/6K1/5P1P/8 w - - 5 41,f6f8
rn1q2kr/pp2n1bp/3pb1p1/2p3B1/4P3/2N2Q2/PPP2PPP/R4RK1 b - - 1 11,h7h6
rnbqkb1r/3p3p/2p2p2/1p2nP2/p7/2N5/PPP2PPP/R1BQR1K1 b - - 1 15,d7d6
r1bq1rk1/ppp2pp1/2n4p/2b1p3/8/1BPP1N2/P1P2PPP/R1BQ1RK1 w - - 1 10,f3d2
r5k1/pp3pp1/2p3bp/2Pp4/1P3qP1/P4P2/5Q2/2R2R1K b - - 4 34,a7a5
r3k2r/2R1b3/2p5/3pp2p/3P3P/p1P1PQPB/P1P2P2/R5K1 w - - 6 27,h3e6
r2q2k1/2pp1ppp/p4n2/1p6/3n4/P1NQ4/BP1B1PPP/R3r1K1 w - - 0 18,a1e1
2r3k1/2pR1p1p/1rP3p1/p7/2R1P3/1P3P2/P5PP/2K5 w - - 2 26,c1d2
r1b4N/ppp1k1pp/8/8/8/1Pb5/2PB1PPP/R3K2R b KQ - 1 14,c3a1
1r6/1p1kn3/3p4/p1P2rp1/3P3p/7P/bN3PPB/1R2R1K1 w - - 0 30,b1a1
r2qk2r/p2bbppp/2p2n2/1p2p1B1/2BQ4/2N5/PPP2PPP/2KR3R w kq - 0 12,d4e5
3rr2k/6b1/2q3pp/p4p2/2P1p3/1P1p2PP/P2R2PN/3R2K1 w - - 0 38,h2f1
r4rk1/1b1pb1pp/2q1p3/4Pp2/1nP2P2/1Q3N2/3N2PP/1R3R1K b - - 2 22,a8a2
5r2/pbk5/8/2ppp3/2P1p1p1/4P1P1/PP1R1P2/1K1R4 b - - 0 35,d5d4
2r4r/2P3p1/4k1n1/3p3p/2pP4/2P3B1/P4PPP/RN3RK1 b - - 3 26,h5h4
r2qkbnr/ppp1p1pp/2n1bp2/3p4/3P1B2/2NQP3/PPP2PPP/R3KBNR b KQkq - 2 5,d8d7
5rk1/2p2pp1/1pp1p2p/4P3/r7/8/P4PPP/R4RK1 w - - 0 24,f1d1
rnbq1r1k/pp3ppB/2p1p3/4P1NQ/3P4/8/P4PPP/b1B2K1R b - - 1 14,g7g6
2rqr1k1/pp1nbpp1/5np1/3pN3/P1pP1B2/1NP5/1P3PPP/1Q2RRK1 w - - 0 17,b3d2
8/8/5k2/8/1P4Q1/4K3/8/8 w - - 5 52,g4h5
2r2rk1/5pp1/p3pq1p/1p6/5B2/3B4/P3QP1P/3R1R1K b - - 0 22,f6f4
r3kb1r/pppn1pp1/4pnbp/8/4P1PP/3BBP2/PPP1K3/RN4NR w kq - 0 11,g1h3
r2qkb1r/pppb1ppp/3p1nn1/3Pp1B1/4P3/2NQ1N1P/PPP1BPP1/R3K2R b KQkq - 2 9,f8e7
8/1p5p/4p1pk/p7/P2Q4/1P1P3q/2P5/6K1 b - - 1 44,h3g3
8/2r2k1p/8/8/3Np2P/4P1K1/5P2/1b6 w - - 0 45,f2f3
8/8/8/pB6/8/kb6/8/1K6 b - - 24 79,a3b4
3rr2k/5Qpp/8/2p2pN1/2P1P1b1/P5P1/1P1N1q1P/6RK w - - 4 31,g1f1
3rr1k1/pppq1pbp/2b3p1/2P5/P7/BP1nPP2/3RB1PP/3Q1K1R b - - 2 19,e8e3
r2qkb1r/pbpp1ppp/1pn1pn2/8/3P4/P1NBP2P/1PP2PP1/R1BQK1NR b KQkq - 2 6,d7d5
8/pp3p2/2p1k1pp/2r1P3/1P1PK1P1/7P/P7/8 w - - 0 34,b4c5
5B2/R7/p3p2P/5p2/2b1k3/6K1/8/7r b - - 1 53,f5f4
r4rk1/p1pq1p1p/2p3p1/2b1p3/4P2P/P2P1QnN/1PP3P1/R1B1K2R b KQ - 2 19,g3h1
r2qk1nr/4bppp/b1p1p3/p1ppP3/3P1P2/2P1BN2/PP4PP/RN1QK2R b KQkq - 2 9,a8b8
r1b1k2r/1pq2ppp/p2bpn2/3p4/8/1P2P3/PBP1BPPP/RN1Q1RK1 w kq - 3 11,h2h3
6R1/4q2p/2K1pp1k/7p/3P3r/4P3/8/8 w - - 0 59,g8b8
r1b1k2r/ppp2qpp/4p3/4P3/1B2pP2/P3P3/1PP3PP/2KR3R w kq - 1 16,b4e1
rBb4k/pp2b1pp/2p5/8/2B1p3/3P4/PPP2PPP/R4RK1 b - - 0 14,a8b8
r3k2r/1pp1q1p1/pbnppn2/4p1Bp/PP2P3/2PP1N1P/4QPP1/R3KN1R b KQkq - 3 13,e7d7
Q1bqkbnr/1p1p1ppp/8/1p2p3/3nP3/2N1B3/PP3PPP/R3K1NR b KQk - 0 9,d4c2
r4rk1/1bppqpp1/P4n1p/4p3/1P2P3/B1N2N1P/2P2PP1/R2Q1RK1 b - - 0 14,a8a6
r1bq1rk1/1p1nbppp/p3pn2/2p1N3/2B2B2/2NP4/PPP2PPP/R2Q1RK1 b - - 4 10,d7e5
r1b2rk1/bpp1npp1/p1np2qp/4p3/2P1PPN1/2NP3P/PP2B1P1/R1BQ1R1K b - - 0 12,f7f5
4r1k1/2R5/p6p/2pP2p1/P5P1/6K1/8/8 w - - 0 37,g3f3
1rb1r1k1/5p2/pP4p1/P2p2N1/1B4P1/7P/5K2/R7 b - - 0 29,c8b7
r1b3k1/p6p/2p3pb/3p1r2/2pPpPq1/2N3P1/PP1Q3P/2R1R2K w - - 1 20,b2b3
8/8/8/k7/2PK4/3B4/P4PP1/8 w - - 5 46,f2f4
r3k2r/pppq1pp1/2n1bn1p/2p1p3/4P3/3P1NPP/PPP1NPB1/R2QK2R b KQkq - 1 10,e8c8
2rqr3/p2n2pk/1p1b2Np/2p4B/2QB4/2P4P/P2N2P1/5RK1 w - - 0 23,d4g7
8/8/8/PK2k1p1/6P1/2P4P/1P6/8 b - - 0 42,e5d6
r5k1/pp1n1ppp/5n2/8/3p4/P2P4/BPP2PPP/RN2rK2 w - - 0 17,f1e1
7r/pp1k2p1/5n2/4n3/5BPq/2NP1P2/PP4B1/6K1 w - - 0 25,f4d2
1r1q1rk1/Q3bpp1/5n1p/4p3/6PP/3PB3/PPP1BP2/2KR3R b - - 0 16,b8a8
2b2rk1/rppp1pp1/p1q2n1p/8/4P3/1NP2P2/PP2Q1PP/2KR1B1R w - - 2 14,e2e3
4rk2/6pp/2r5/R1P5/PP3P2/3p2P1/3R1KP1/8 b - - 0 38,e8d8
rnbqkb1r/ppp2ppp/5n2/3p4/8/1P6/PBPPBPPP/RN1QK1NR b KQkq - 1 5,g7g6
rn1q1rk1/p5pp/3p1b2/1pp1pb2/6P1/2NP1N1P/PPPQ1P2/2KR1B1R b - - 0 11,f5e6
8/R7/1p5B/5k2/3Q4/P1P2P2/2P1N3/2K5 w - - 7 34,h6g7
6k1/ppr3b1/2nN1p1p/6p1/1PP2P1B/P7/4K1PP/7R w - - 0 26,h4g3
8/3kr3/1p2nRP1/8/8/2P5/KP6/8 w - - 0 48,a2b3
4k2r/1p3ppp/1R2p1n1/3pPn2/r5K1/b7/3N1PPP/7R w k - 3 22,g4f3
Q1kr3r/1p4p1/5p2/3q3p/8/3P2P1/5P1P/6Kb b - - 1 25,c8c7
3r1rk1/p1p2ppp/1p1pb3/1P6/3PPR2/P5P1/1B1P2P1/5RK1 b - - 0 23,d6d5
r2q1rk1/ppp2ppn/3p1b1B/4p2b/P1B1P3/2NP2R1/1PP2P1K/R7 w - - 3 16,a1h1
r2qr1k1/p4ppp/1p1b1n2/2p5/4PP2/2B3P1/PPP3BP/2RQ1RK1 b - - 0 17,f6e4
rn1q1rk1/pp1b2pp/3P1p1n/3Np3/2B1P3/1P3N2/P2Q2PP/2KR3R b - - 2 17,b7b5
2k5/p1p4p/4N1p1/2P2pP1/Pb3P2/4p2P/8/2K5 w - - 0 33,c1d1
r6r/5kb1/n2p4/1p1Pp2N/p1p2p2/P7/1PPB1PP1/R3K2R w KQ - 2 27,e1c1
2r2rk1/1p4pp/p3pn2/3p4/8/8/PP2B1PP/3R1R1K w - - 0 20,e2f3
3r2k1/3rpp2/p5p1/2B4p/P3p2P/2bP2P1/2R2P2/3R2K1 b - - 1 29,d7d3
rn1qkb1r/pp3ppp/2p1pn2/3p3b/4P3/3P1PP1/PPPN2BP/R1BQK1NR w KQkq - 0 7,g3g4
3r1rk1/p3n1bp/2n2p2/3p2p1/1P1PP2B/2P5/PN4PP/4RR1K w - - 0 25,h4g3
r3k3/p1p5/1p3B2/4Pp1R/2n5/P7/1PP4P/3K4 b q - 2 28,e8f7
r2q1rk1/1p1b1ppp/p7/2b5/Q1BnPB2/5N2/PP3PPP/R4RK1 w - - 2 17,a4d1
r2qkb1r/ppp2ppp/2n1p3/3p1b1n/3P1B2/2PBPN2/PP3PPP/RN1QK2R w KQkq - 2 7,d3f5
5rk1/5p2/pq2pnp1/1p6/3R3Q/P7/1P3P1P/5RK1 b - - 0 31,g8g7
1brqrnk1/1b3pp1/1pp1p2p/1p2N3/2PP4/P1N3P1/2Q2PBP/3RR1K1 w - - 0 20,c4b5
r4nk1/pbb3r1/1pp1pqpQ/5pN1/3P4/1BP2N2/PP3PPP/R3R1K1 b - - 6 20,a8e8
rn3bnr/pp2pk2/2pq1p1p/3p2p1/8/3BP1Q1/PPPP1PPP/RNB2RK1 w - - 0 10,f2f4
2kr1bnr/ppp2ppp/2nq4/4p2b/4N3/3P1N1P/PPP1BPP1/R1BQ1RK1 b - - 2 9,d6e7
r1bq1rk1/ppppnpp1/2n4p/b3P3/2B1P3/B1P2N2/P4PPP/RN1Q1RK1 b - - 2 9,d7d6
6k1/5p1p/8/7Q/8/5P1K/P6P/8 w - - 1 51,h3g4
2k1r3/pppb4/2n4p/3p1ppn/5B2/2PP1NPP/P1P1r1BK/2R2R2 w - - 0 21,f3g1
r1q3B1/2kpp3/1pp3N1/p3P2p/3P4/8/PPP2P1P/R1Q1K1R1 w Q - 1 18,g8f7
2krr3/p1nb2bp/1p1p4/1PpP2p1/P1P1P1P1/R1N1B1n1/8/4KBNR w K - 1 21,h1h7
2r1r1k1/5ppp/1p2pb2/3q4/Q2P1B2/4P1P1/1P3P1P/2R2RK1 w - - 3 20,f4c7
5B1k/8/8/8/1P6/6R1/2P1P2P/2N3K1 w - - 1 31,g3g6
5r2/2R1pk1p/7p/8/2n5/7P/4K3/8 w - - 1 38,c7c4
r2k1r2/4b2R/2pp1pQ1/p3p3/1n2P3/3PPN2/3K4/R7 b - - 12 40,d6d5
2r2rk1/p1pb1p1p/1p2pqp1/8/3P4/2PB1N1P/PP2QPP1/2R1R1K1 b - - 3 19,d7c6
8/1Rn3p1/p4k2/6p1/1P6/P7/3K1P1P/8 w - - 0 33,b7c7
r2qk1nr/ppp3p1/2n2pp1/3p4/3P1b2/4PN2/PPP3PP/RN1QK2R w KQkq - 0 11,e3f4
r1b2rk1/ppp2ppp/4pn1q/8/2P2P2/3Q2N1/PPB3PP/R4RK1 w - - 7 17,g3e4
r1b2rk1/pp3pp1/4p2p/3pP3/2Pp4/P1P3PB/7P/2KQ4 w - - 0 19,d1d4
8/8/1k6/1P4K1/5p1p/5PbP/4B1P1/8 b - - 16 53,b6a5
r2qk2r/p1p2pp1/2p5/3pP1b1/4b2P/5N1R/PPP2P2/R2QK3 w Qkq - 0 16,f3g5
5rk1/3Q2p1/4PN2/pp5p/3p4/8/PPP2q2/2K3R1 b - - 0 24,f2f6
r4rk1/1p3ppp/8/2b2b2/pB1pR3/P2P1BP1/1PP2P1P/R5K1 w - - 5 22,b4c5
3q1k2/pp3ppQ/2p1B3/4R3/7p/P1P1R2P/1P4PK/3r1r2 w - - 1 31,h7h8
R1Q5/5kp1/3n1p1p/8/8/4P1PN/5PKP/8 w - - 1 52,c8g8
4r3/8/pR1Rr3/k1p5/8/PPP4P/6P1/6K1 w - - 1 38,b6a6
rnb2rk1/pppp1ppp/8/2b1p2Q/2B1P3/3P4/PPP3qP/RN1K2NR w - - 0 8,h5f3
r2q1rk1/ppp2ppp/2nb1n2/5pB1/2BP4/2N2N2/PP3PPP/R2QR1K1 w - - 7 11,c3d5
5rk1/3r1qpp/3Pp1p1/1P1bP3/p2B4/8/4QPPP/R4RK1 w - - 1 27,h2h3
8/8/4k3/1N3ppp/8/3R4/1P4PP/6K1 b - - 0 36,f5f4
2r2rk1/p2R2pp/8/8/2p1b1N1/7P/PPP5/2K4R b - - 1 25,e4h1
5r1k/2q4p/p4r2/1p3P2/3Q4/5R1P/7K/6R1 w - - 5 38,f3g3
rnbqkb1r/pp1n3p/2p5/3p1p2/3N4/2P2N2/PP4PP/R1BQKB1R w KQkq - 0 11,d4f5
2b1k2r/1ppp1pp1/4pq1p/3P4/2P5/6P1/4PPBP/rQ3K1R w k - 1 22,g2e4
rn2kb1r/3p4/pq6/3n2Bp/Qp4p1/N5P1/PP5P/RN2KR2 b Qkq - 1 20,b4a3
2kr2r1/ppp1npPp/4bq1B/Q1b5/2pp4/5N2/PPP2PPP/RN2R1K1 w - - 9 13,a5c5
1k6/1p3Npp/2p1r3/2n5/2P2P2/4b3/PP2N2P/R3K3 b - - 0 26,e3f4
NQ4r1/1p1qk3/p3b3/5p2/3P4/5NP1/PP3PK1/2R4R w - - 7 33,h1h7
r5k1/p5pp/2p1p1r1/2Pp1p2/1P3P1q/P3P2P/3R1QP1/3R3K b - - 4 27,h4f2
r2qr1k1/1p1bbp1p/p1n1p1p1/4P1B1/3PN3/3Q1B2/PP3RPP/2R3K1 w - - 12 22,g5f6
8/2p3k1/p3p1b1/1p1pP2p/1P1P2p1/P1P1b2P/4KP2/6R1 w - - 0 40,e2e3
3r4/1p3p2/pk5p/P7/5B2/1bp5/1bN2PPP/4R1K1 b - - 0 24,b6c6
r7/p6p/1kpPp2N/3p4/3P2P1/1P1n3P/2P3P1/5RK1 b - - 0 29,d3b4
8/p7/8/1r6/3k4/1P6/6RK/8 w - - 1 42,g2g7
r1bqkb1r/1pp2ppp/p1n1pn2/3p4/1P6/P1P1PP2/3P2PP/RNBQKBNR w KQkq - 0 6,g1h3
3b2k1/1p3ppp/p3p3/8/8/8/PPP2qPP/1KN2B1R b - - 1 19,d8e7
8/8/pp2k3/8/5KP1/1P6/1PP4n/6R1 w - - 1 46,g4g5
rnbqk2r/pp2ppbp/2pp1np1/8/4P3/2PPB2P/PP3PP1/RN1QKBNR w KQkq - 0 6,b1d2
r7/3r3p/p4b2/1b4k1/5N2/P3P1NP/5PP1/R1R3K1 b - - 2 39,f6a1
8/8/2p5/p3kp1B/P2N4/2P2K2/r5PP/8 b - - 3 35,a2a4
3b4/2kP1pp1/B7/1P2p3/4P2p/5P1P/4K1P1/8 w - - 5 42,f3f4
8/6p1/1r3k1p/3B1Pp1/3n2P1/p7/4RK2/8 b - - 2 40,d4e2
8/Q3k3/8/4K3/8/1NP4p/2P4P/8 b - - 10 48,e7f8
r4rk1/2q1npp1/p1n4p/1p6/2pNP3/B1P4P/P1Q2PP1/R2R2K1 b - - 1 20,f8e8
4K3/6pp/3q2p1/3k1PP1/8/7P/8/8 b - - 0 49,g6f5
2r4r/p4Rb1/1pk4p/3pP3/1B6/8/PPP3PP/3R2K1 b - - 1 22,g7e5
rn1qk1nr/pp3pbp/2p1p1p1/3pP3/3P1P2/2N2B2/PPP3PP/R1BQK2R w KQkq - 0 9,c1e3
8/2N5/8/p7/3p4/kB1K4/7P/4B3 b - - 1 48,a3b3
r2q3r/2pk1ppp/p2p4/3p4/4QB1b/2N5/PPP2PPP/2KR3R w - - 0 14,e4a4
r4r2/4qpk1/1p1p2p1/pPpPp3/P1P1P1P1/R3PQ2/2n1N1K1/5R2 w - - 3 28,a3c3
Q7/8/2R5/8/5R2/7P/1k4PK/8 w - - 3 51,h3h4
r1q2rk1/pb2npbp/2n1p1p1/1P1p4/8/2N1PN2/1BQ1BPPP/R4RK1 w - - 0 18,b5c6
1rr3k1/3b1pp1/p2b1q1p/3Pp3/4Q3/1PB5/P4PPP/2R1R1K1 b - - 2 24,f6g5
3r3k/6R1/2p4P/8/1bP5/1P3NP1/5P2/5K2 w - - 1 39,f3e5
r4r1k/pp2N2p/2pp1pp1/8/4P2q/P1B2Q2/1P3Pn1/RB4K1 w - - 0 28,f3g2
8/p2r4/1pR4p/3p1k2/5p2/3P1P2/PPP2K1P/8 w - - 1 29,c6h6
3k1Q2/1R4K1/4r3/8/8/8/8/8 b - - 0 87,e6e8
8/pp2kp2/1np2p1b/8/2PP4/3B3P/P3NPP1/5K2 b - - 4 25,h6d2
8/6kp/p6p/Pp6/1P6/2q1r3/K2n4/8 b - - 1 43,d2f3
r1b2rk1/2p2pp1/p6p/3p2q1/8/P1PP1N1P/2P2PP1/R2Q1RK1 b - - 2 15,g5f6
r3kbnr/ppN2ppp/2p5/4n1q1/8/5P1P/PPP1PP2/R2QKB1R b KQkq - 1 9,e8e7
r4rk1/ppp2pp1/2n4n/5q1p/3PN3/1QP2N2/PP4PP/R3R1K1 b - - 5 17,c6a5
r2q1rk1/p3bppp/bpn1p1n1/2ppP3/3P4/1NP2N2/PP3PPP/RBBQ1RK1 w - - 8 11,f1e1
rn1qk2r/pbppppbp/1p3np1/8/2P5/2N2NPP/PP1PPPB1/R1BQ1RK1 w kq - 1 8,f1e1
r2k3r/pp1b1ppp/2n2n2/8/5B2/PBb5/1P2NPPP/R4RK1 w - - 0 14,e2c3
rn1qk1nr/ppp1bppp/8/3pP3/3N4/8/PPP1QPPP/RNB1K2R w KQkq - 0 8,e2b5
8/5p1p/5k2/8/8/P3P1QP/2pq1PPK/8 w - - 2 41,g3h4
8/2q1r2k/1n2pR2/1p1p2Br/2pP4/P1P5/1PQ3P1/5RK1 b - - 4 38,h7h8
r1bqk2r/pppnbpp1/4pn1p/8/3P4/2NBBN2/PPP2PPP/R2Q1RK1 b kq - 1 9,b7b6
6k1/7p/3q2bb/Pp1p2Q1/1P1Pp3/2r5/5RP1/6K1 w - - 0 31,g5h6
2q3k1/4bppp/4p3/3p4/1PrPbP2/2P1Q1BP/6PK/2R1R3 w - - 5 35,e1f1
rn2k1nr/pp1b1ppp/8/qB1pp3/PP6/B3P3/2P2PPP/R2QK1NR b KQkq - 0 9,a5c7
1k1r3r/1pp3p1/1b1p2n1/pP6/3PP1Bp/P3BNNq/3Q1P2/R3R1K1 b - - 0 24,h3g4
4k2r/1pp2ppp/3b4/5P2/4P1PP/1b1R4/rB6/2K2B1R w k - 2 25,d3b3
1r3rk1/2qbbp1p/p1np1np1/2p1p1B1/4P3/P2P1BN1/1P1NQPPP/1R3RK1 w - - 1 20,f1c1
r4rk1/p4ppp/1p6/3q4/5QPP/N6K/1P2p3/4R3 b - - 1 29,a8e8
r2q4/pb3k2/3bp1rR/2p3P1/1p1p4/3P1N2/PPPB4/2KR1B2 w - - 5 25,f1e2
5k2/p4n1p/5n1b/1p6/2p2P2/8/PPP2PbP/R5KR w - - 0 25,g1g2
8/5kp1/p1p5/1p2B2p/2P3b1/1P6/P4qPP/6RK b - - 1 30,b5c4
7r/1pk2ppp/p7/8/5P2/PqN4P/1P4P1/1K2R3 w - - 0 31,e1e7
r4rk1/p4ppp/1pnq4/2pn4/3p1P2/PP1P1Q1P/1BP3PN/R4RK1 w - - 0 18,a1e1
8/5R2/1p1k3p/1rbB4/6N1/6P1/5P1P/6K1 w - - 5 50,d5f3
2kr3r/1pp1bp1p/2n2p1B/5b2/1p6/1BP2N2/PP3PPP/R3R1K1 w - - 0 17,f3d4
r5k1/ppp3p1/7p/3qn2n/5p2/B1P5/P1P1BQPP/4R1K1 b - - 2 23,h5f6
6k1/8/pp2r1pB/4p3/4R3/7P/P1r2bP1/3R3K b - - 1 31,f2c5
rn1qkb1r/pp4pp/2p2n2/3pp3/6b1/2P1P3/PP1P1P2/RNBQKBNR w KQkq - 0 8,f2f3
r1bR1b1r/pp2n1pp/1kp2p2/8/2B1PB2/2N5/PPP3PP/2K4R b - - 2 13,e7g6
1r1k3r/2p2ppp/p1B1pn2/8/8/PPP1P2P/2P3P1/R3K2R b KQ - 0 18,d8e7
1rbqk2r/1p2bpp1/p2p1nn1/2pPp2p/P3P3/2N1B1PP/1PPNBP2/R2QK2R w KQk - 2 12,h3h4
5r1k/pr4p1/4n2p/2ppPp2/P2p1PPR/1P1B3P/2P5/5RK1 b - - 0 28,b7f7
8/5k2/2R3p1/5pB1/8/1P2PP1N/P2PK1PP/8 b - - 10 45,f7g8
6k1/p4p1p/2p1rPp1/3p4/3P1R2/1P6/P3r1PP/5RK1 b - - 4 24,e2a2
6k1/2R2p2/2p4p/2Pb4/8/6P1/6KP/4r3 w - - 5 33,g2h3
rnb1kb1r/pppq1ppp/5n2/4p3/8/2P2N2/PPQP1PPP/RNB1KB1R b KQkq - 1 6,e5e4
4r1k1/5ppp/3qp3/1R6/2pP4/4P3/2Q2PPP/r4K2 w - - 1 28,f1e2
r1b1k2r/1p2nppp/p1n1p3/3pP3/1q1P4/2NB1N2/PP1Q1PPP/R3K2R b KQkq - 3 11,c8d7
1r5k/p5p1/3b3p/5q2/3p1P2/1P4PP/PB4QK/2R5 w - - 0 34,b2d4
rn2k1nr/ppp2ppp/4p1b1/2bp4/6Pq/1P3P1N/PBPPP1BP/RN1Q1K1R w kq - 5 9,b2g7
4rk2/1pp3p1/3p2qp/nP1Bp3/4P3/2PP1pP1/5K1P/R1BR4 b - - 0 22,c7c6
4r1k1/pp4pp/5q2/3PpP2/2Q5/7P/PP4P1/4R1K1 b - - 4 25,e8d8
r3r3/ppp2pkp/2n1bbp1/4p3/8/1P1P1N2/PBPQ1PPP/R3R1K1 w - - 3 17,h2h3
r1bq1rk1/1ppp1ppp/8/p3P3/1n2n3/PQ6/1PP2PPP/RN2KBNR b KQ - 0 10,d8h4
r1bqkb1r/1pppnp1p/p1n3p1/4p3/B1PPP3/5N2/PP3PPP/RNBQK2R b KQkq - 0 6,e5d4
6k1/p4pp1/B7/3b3p/4n3/7K/6rP/8 w - - 0 35,h3g2
8/3Q4/6pk/6q1/4Q2p/2P5/P7/K1RR4 w - - 2 53,e4f3
rnR3nr/3p1pp1/2b1pk1p/p7/3q4/Q3N2P/P4PP1/4KB1R b K - 0 19,d4b4
r2qk2r/pbpp1ppp/1pnbpn2/8/8/3P1NP1/PPP1PPBP/RNBQR1K1 w kq - 3 7,e2e4
6k1/1pp3p1/p1b1p3/3pP2p/3Q4/P1N1P2P/1Pq3P1/6K1 w - - 0 21,b2b4
5bk1/pp1b2pp/4p1q1/3pP3/3P4/2P1B1P1/P1P1Q1BP/6K1 b - - 1 23,b7b5
2b5/3R1pkp/p1p3p1/P2p4/7P/5P2/1r4P1/5BK1 w - - 1 27,d7c7
3r4/4r1p1/4kp1p/8/8/4NR2/1R2KPPP/8 w - - 6 42,f3f5
7r/1p3pk1/4q1n1/PQ1p1p1p/1P1Ppr1P/8/4R3/4K1R1 b - - 1 31,f4h4
r1bq1rk1/pp1pnpbp/2n1p1p1/2p5/2B1P3/2P2N2/PPNP1PPP/1RBQ1RK1 b - - 5 8,d7d5
r3r1k1/pp3ppp/2p1q3/3nN3/3P4/2PQB3/P4PPP/R4RK1 w - - 2 17,f1e1
8/p3k3/2p4p/1p5P/8/3K4/8/8 w - - 3 44,d3e4
2r1k3/2n2pp1/1R5p/8/PP6/5PK1/5P2/3R4 w - - 1 35,a4a5
8/8/P6R/8/8/2k2N1P/5PPK/r7 b - - 0 53,c3c4
5rk1/p6p/2R3p1/6p1/3P1nP1/5P2/P4BKP/8 w - - 4 34,g2g3
r2q1rk1/pp1b1ppp/8/6N1/3Pp3/2P1P3/PP3PPP/RQ2K2R w KQ - 0 18,g5e4
1R2bk2/4pp1p/3p2p1/n7/p3N3/P1b4P/5PP1/6K1 w - - 0 34,e4c3
3q4/4r1kp/p1r1b1p1/5p2/2pPpP2/4P1N1/P3R1PP/R3Q1K1 w - - 0 28,e2c2
3r1r1k/4q1pn/pnp1p2p/8/3BP3/1P4NP/PQ3PP1/R3R1K1 b - - 2 25,c6c5
r1b1k2r/pp2nppp/1q1p1bn1/2pPp3/2P1P3/1PN2N2/PBQ1BPPP/R4RK1 w kq - 0 12,g2g3
2r2k2/1R4p1/5bB1/5P1p/2P5/5PKP/P7/8 b - - 0 34,c8c4
r1bqk1nr/pp2ppbp/2np2p1/1B6/3PP3/B4N2/2P2PPP/RN1QK2R w KQkq - 2 8,e1g1
r4rk1/1pp2ppp/3pb3/8/p3P1P1/P1Q2P2/qPP4P/2KR1B1R w - - 3 18,f3f4
rn1k3r/ppp2ppp/3p4/8/4P3/8/PPB2PPP/RN2K2R w KQ - 0 11,f2f3
1k2r3/pppQ4/8/3P4/3P3P/q5P1/Pn1N2n1/R5K1 b - - 1 27,e8g8
r2qr1k1/1p3ppn/p4bbp/2pP4/2P5/2N3BP/PP1N1QP1/R4RK1 w - - 5 21,f2c5
4k3/6pp/1BP2p2/8/8/5PP1/PP4KP/8 b - - 2 33,h7h5
r3k2Q/pp2p3/3p1r2/8/2p4P/5N1P/PPP1PPB1/RNB1K3 b Qq - 2 20,f6f8
rnb3k1/ppp1b1r1/3p4/4pq2/8/2NPQ2P/PPP2PPN/R4RK1 b - - 3 19,f5h3
r3qrk1/p1pn3p/bp1p1pp1/3Pp3/4P1B1/P3N3/1PP2PPP/R2QR1K1 b - - 1 19,a6c8
5rk1/pppr2b1/3q2pp/4pn2/2B5/1P5P/P1Qp1PPB/3R2K1 b - - 10 26,g8h7
2r5/5pk1/6p1/3R3p/3K4/2p3P1/5P1P/8 w - - 0 37,d5e5
rn2kb1r/1p2qppp/8/2p5/p3P3/PP3N2/2PPQPPP/R1B3K1 b kq - 0 14,b8c6
r1b3k1/pp4pp/1qpb2n1/3p1p2/1P1Pn3/2PBP1B1/P2N1PPP/R2QK2R b KQ - 2 15,e4c3
3r1rk1/1p3p1p/4b3/6q1/3bQ2N/1P4P1/P4RBP/5RK1 b - - 1 31,g5c5
r1b2r2/pp3pk1/1qp4p/4N1p1/4QP2/6P1/nPP1P1P1/2KR1B1R w - - 0 17,c1d2
rn2k2r/ppp2ppp/3b4/3p4/3Pn3/2P2B1P/PP3PP1/RNB2RK1 b kq - 2 12,f7f5
8/k7/P6R/8/r7/8/1K6/8 w - - 18 63,b2c3
r1b2rk1/ppp2ppp/2n1p3/2b5/4P1n1/2N2NP1/PPP2PBP/R1BR2K1 w - - 1 10,d1d2
4R3/3q2kp/2n2p2/3p2p1/2pP1n2/1pP4P/1P1Q1PPN/2B3K1 b - - 0 29,d7e8
rn1q1rk1/pp2ppb1/2p3pp/3p4/2P5/1PNP4/P1QBPP1n/2R1KB1R w K - 0 17,h1h2
8/1k3r2/8/8/4N3/4K3/5P2/2R5 b - - 7 72,f7f2
1q3rk1/8/1p2R2p/p7/P7/6P1/1r4PK/8 b - - 1 36,b8b7
1k3b1r/ppp5/8/3rp2p/4B3/3P3P/PPP2PP1/R4RK1 b - - 1 16,d5c5
r1bq1rk1/p1p1bppp/1pn1pn2/8/2PP4/P2BPN2/3B1PPP/RN1QK2R w KQ - 0 10,d1c2
r3kbnr/pb2p3/n5p1/1p2N1N1/3p1qPp/7P/PPP1QP2/R3K2R w KQ - 0 20,e2b5
r5k1/5p2/2p3p1/pp1pq2p/7Q/PP4RP/1P3PP1/6K1 w - - 0 34,g3e3
r1qb1rk1/p2b2p1/2pp3p/2p1pp2/2P1P3/Q1NPRN2/PP3PPP/5RK1 w - - 0 17,e4f5
3rr2k/pbp1npbB/1p3q1p/5P2/3P4/2P3R1/PPQ3PP/5RK1 w - - 3 22,f1f4
8/3B4/8/6pK/6P1/7k/3b4/8 w - - 0 57,h5h6
5rk1/7p/p7/Pp6/3b1P2/6K1/8/3R4 w - - 0 40,d1d4
7k/1pp3p1/p1n5/6bp/1P1P2b1/P1N1P1PP/3B2B1/5K2 b - - 0 27,g4c8
8/1p6/p1pp2k1/4p3/3pP3/3P4/PPK5/5r2 w - - 0 39,c2b3
r2k4/pq6/1pb1Q3/2p4p/P7/2P5/1P5P/1B3K2 w - - 3 34,e6g8
8/p4k1p/P1p2r1P/5q2/3p4/7K/8/8 w - - 0 51,h3h4
r4rk1/ppp1bqp1/3p3p/4n3/8/2PBPN1P/PP3PP1/R2Q1RK1 b - - 0 15,e5f3
8/1R3PB1/8/8/1p1p4/1K1k4/8/7r w - - 1 64,f7f8q
8/p1p2ppk/2N1p2p/1PBrbn2/P2p4/3P1P1P/2R5/R5K1 w - - 0 38,c6e7
5r1k/3n2p1/2p4p/1p1b1q2/3Qp3/P3P2P/1P1R1PP1/1BR3K1 w - - 4 34,b1e4
7R/5p2/p2p1k2/1ppP4/2n5/8/1r6/r3RK2 b - - 15 41,c4e3
2b5/7R/1P6/1r3pk1/2p5/2P1P3/3BK2P/8 w - - 1 47,h7c7
2kr3r/pp3p2/7b/5b1p/2KP4/8/PP4PP/nN5R b - - 0 21,a1c2
2kr3r/ppp4p/4pPp1/8/1bB1N3/1P2BN2/P4KPP/R7 b - - 0 19,d8d5
8/2p5/1p1b1kp1/p6p/4R2P/3K1P2/PPP3P1/8 b - - 1 34,d6g3
r1bq1rk1/pp3pp1/2nb1n1p/4p3/3pP3/3B3N/PPPN2PP/R1BQ1RK1 w - - 2 11,a2a4
1k1r4/1bp1n3/pp1bBpp1/2n3p1/3N2P1/2P4P/PPQ2P2/3R1RK1 b - - 1 25,d8h8
r1bqk2r/1ppp1ppp/1bn2n2/pP2p3/4P3/2PP1Q1P/P4PP1/RNB1KBNR b KQkq - 0 7,c6d4
r1q2rk1/1bppn1bp/2n1p1p1/1N2PpB1/3P4/5N2/PP1QBPPP/R4RK1 b - - 0 15,e7d5
r4r1k/2p3pp/8/pp1pBn2/2p2PP1/q7/7P/3RQRK1 b - - 0 25,a3e3
1r2nrk1/1p1b1pbp/p1p1p1p1/B1PpP3/P2P3q/1P1BQ2P/5PP1/2R2RK1 b - - 1 24,f7f6
r2q1rk1/3n1pbp/2p3p1/p2p4/Np1P1Q2/3B3P/PPP2PP1/2KRR3 b - - 1 17,d7b6
r4rk1/p1p2p1p/b1p2p2/2b2q2/3p4/2PP1N2/PP1B1PPP/RN1QR1K1 b - - 0 14,g8h8
r4rk1/ppq2pp1/2p1pn1B/8/2PP4/R2B1Q1P/1P3PP1/5RK1 b - - 0 18,c7b6
8/pR5Q/4pp2/B2p2k1/8/4PpP1/6KP/2r5 w - - 0 34,g2h3
8/6p1/pp1p1P2/2pP1b1p/1kP4P/3P1B2/2K5/8 b - - 0 46,g7f6
4kb1r/1r3ppp/4pn2/1p6/8/5P2/PP1B1P1P/R2N1RK1 w k - 0 16,d2g5
6k1/1q3pp1/2p2n1p/3rB3/4Q3/5P2/1P4PP/4R1K1 b - - 1 30,f6e4
4r3/8/1R5p/p7/2k2p2/8/5K1P/8 b - - 0 45,e8a8
r4rk1/pp1nppbp/1qpp1np1/3P2B1/2P1P3/2N2B2/PP3PPP/R2QR1K1 b - - 6 11,b6b2
1r6/6kp/pp4p1/1n6/3q4/P4PPP/1P6/2R3K1 w - - 0 34,g1h1
r1bq1rk1/2p1npp1/p2bp2p/1p6/3PB3/P3BN1P/1PP2PP1/R2Q1RK1 w - - 0 13,e4a8
8/1R6/8/8/kp2P3/2p4P/P1P2PP1/6K1 b - - 4 42,a4a5
r1bqk2r/ppp1bppp/2n2n2/3p2BP/3Pp3/2P4N/PP2PPP1/RN1QKB1R w KQkq - 3 7,e2e3
3r1r1k/1p3pp1/pp1p3p/3N4/1PPn4/P4PRP/5P1K/6R1 w - - 0 25,g1d1
3R4/2P5/8/8/4k3/8/7P/6K1 w - - 1 52,h2h4
r2qk2r/ppp1bppp/2b2n2/4p3/3pP3/P2P3P/1PP1NPP1/RNBQK2R w KQkq - 1 9,e1g1
1r1q1r2/1pp1n1kp/3pN1p1/p3n3/P1P1P3/6P1/2P3BP/R2Q1RK1 b - - 2 17,g7g8
6k1/6P1/1p3K2/1p6/pP6/P7/8/8 b - - 0 50,g8h7
5r2/pkn5/bp1b1p2/8/8/6N1/PP3PPP/2R3K1 w - - 2 33,h2h4
8/2p5/2nk4/p7/1p2P3/PN1P3P/1PP3P1/6K1 w - - 0 29,a3a4
1k5r/ppp2p2/6np/2Pp4/P2Pp3/1P2P1Q1/3N1PK1/7R w - - 2 26,g2g1
1rbr2n1/p1Np1pkp/1p1P2p1/1B2P3/5PP1/2P4P/PR6/5RK1 b - - 0 23,c8b7
2rq1rk1/1pp1ppbp/pnn3p1/3b2N1/4NB2/3B1Q2/PPP2PPP/R3K2R b KQ - 1 14,e7e5
r1bq1rk1/pp5p/2n2b2/3pBpp1/2pPn3/2P1PN1P/PPB2PPN/R2Q1RK1 b - - 0 14,f6e7
r2qkb1r/5ppp/p1p1p3/3p3n/3P4/2N3QP/PPP2PP1/R1B2RK1 w kq - 2 12,g3e5
rn1r2k1/pq2bpp1/1p2pn1p/8/5Q1N/6B1/PPP2PPP/R2NR1K1 b - - 2 17,g7g5
r1bq1rk1/1pp2ppp/p1n1pb2/8/P1B1N3/3P1N2/1PP2PPP/R2Q1RK1 b - - 2 11,f6b2
7q/8/7P/4k2K/8/8/8/8 b - - 8 72,h8c8
r1bq1rk1/1ppp1p2/p1n2p1p/1B2p3/1PN1P3/2PP1N2/P4KPP/R2Q3R w - - 0 12,b5c6
r2qkr2/pp2b1Rn/2n1p2B/3p2Q1/3P4/2N2P2/PPP2P1P/R3K3 w Q - 5 18,g5g6
1r1qk1nr/1bp1ppbp/pp4p1/3n4/2Qp4/5B2/PPP1NPPP/R1B1K2R w KQk - 0 13,e2d4
4k3/6Kp/6p1/4P3/P4p2/6P1/7P/8 w - - 0 51,g3f4
4rrk1/p4p1p/1qpb1p2/3p4/3N2b1/2PP4/PP1Q1PPP/RN3K1R b - - 5 15,e8e5
r2qk1nr/ppp2ppp/2n1b3/4P3/1b1pP3/2NB2B1/PPP2PPP/R2QK1NR w KQkq - 0 8,a2a3
r2qr1k1/ppp2pbp/4b1p1/4p3/2P1P3/1PN3P1/P3B1PP/2RQ1RK1 b - - 0 14,c7c6
r2qk2r/pp1nbppp/2pppn2/7b/3P1B2/2PBPN1P/PP1N1PP1/R2Q1RK1 b kq - 2 9,d7e5
5r2/3B3p/p2p2pk/3P4/4P2P/1p4PK/nb6/8 b - - 1 47,b2e5
8/7K/p6P/P7/1k5r/8/1R6/8 b - - 2 62,b4a5
r2qkb1r/ppp1pppp/2n2n2/3p1b2/3P4/1P3N2/PBP1PPPP/RN1QKB1R w KQkq - 3 5,a2a3
8/8/2pk2n1/3p1p2/3P1q2/2P2N2/5KR1/3Q1B1r b - - 1 37,g6h4
2rr2k1/p2n1ppp/4p3/1B2P3/2PBb3/1P4P1/P2R3P/5RK1 w - - 11 28,f1d1
rnb2N1k/1p2q1pp/1pp2n2/5p2/2B5/P1NP4/1PP2PPP/R2QR1K1 b - - 0 14,e7f8
4R3/k7/p1pr4/5B1p/2P3P1/7P/7K/8 w - - 2 39,g4g5
1r6/1P5k/7p/2N5/5p1P/5P1K/4R3/4R3 b - - 6 51,b8f8
r2qrbk1/n4bpp/3p1p2/p1pP4/1p6/2P1RN1P/PP1BQPP1/3NR1K1 w - - 2 21,f3h4
7K/8/8/2RRRR1R/k7/8/8/8 w - - 70 111,h8h7
1k1r4/pp3pp1/7p/4P3/5K2/2q2N2/n1P2QPP/7R w - - 0 30,f4g3
r2qk3/pp2bp1p/2p3p1/3n4/4Q3/1B6/3PNPPP/2B1K2R w q - 2 17,h2h4
rnb1k2r/ppp3pp/5p2/2b1n3/2p1P3/P1N2N2/1P2BPPP/R1B1K2R w KQkq - 2 11,f3e5
r2qkb1r/pppbpppp/2np1n2/8/3PP3/5N2/PPP1BPPP/RNBQ1RK1 b kq - 6 5,f6e4
rn1q1r2/1bppppkp/5np1/p7/1P2P3/3P1N1P/PP1QBPP1/RN2K2R b KQ - 0 11,a5b4
rnb1k1nr/pp2ppbp/6p1/8/3N4/2N5/PP2PPPP/R1B1KB1R w KQkq - 2 8,d4b5
K7/1Q2q2k/6p1/7p/8/5P1P/2P3P1/8 b - - 7 49,e7g7
2kr1b1r/pp5p/2q1bpp1/5n2/3n1B2/2NP2P1/PPP2PBP/R2Q1RK1 w - - 0 14,g2c6
5rk1/p3n1pp/1pn2p2/1Bp1p3/P3P3/5N2/2Pr1PPP/3R2K1 w - - 0 24,f3d2
r2q1rk1/ppp2pbp/2np1np1/4p1B1/2P4N/3b2P1/PP1N1PBP/R2QR2K b - - 1 12,c6b4
rnbqk2r/ppp1ppb1/5n1p/3p2p1/3P4/6BP/PPPQPPP1/RN2KBNR w KQkq - 0 7,b1c3
8/r1k4p/1p1R2p1/1B3p2/P3p2P/4P1P1/5PK1/8 w - - 1 47,d6d4
4R3/3kR3/p7/2r5/8/r7/P2P3P/K7 b - - 9 38,d7d6
rnbqk1nr/pp3pp1/1b1p3p/2p5/2BPP3/5N2/PP3PPP/RNBQ1RK1 w kq - 0 8,d4c5
7k/1br4p/pR4p1/1p3p2/1P6/PB2P3/7P/6K1 b - - 1 33,c7c3
r1bqk2r/1ppp1ppp/2n1pn2/8/4P3/1P1P1N2/PBP1BPPP/RN2K2R b KQkq - 2 10,c6b4
7k/R7/p7/r3K3/3P4/5P2/8/8 w - - 3 35,d4d5
7k/ppN1n2p/3p1p2/4p2P/2P1P3/8/PPP5/2K5 w - - 0 31,c7e8
3r4/nK1k4/4p3/7p/8/6Pp/4N3/5n2 w - - 0 40,b7a7
2k5/2p5/7p/8/P5p1/2P3P1/1P5P/5rK1 w - - 0 40,g1f1
r1bqkb1r/pp3ppp/2n5/3pp3/3P4/5NP1/PP3PBP/R1BQK2R w KQkq - 0 11,f3e5
r1b1k2r/ppqn1ppp/2pbp2n/6B1/Q1PP4/8/PP2PPPP/3RKBNR b Kkq - 3 8,b7b5
r1b1k2r/ppqn1pb1/2pp1n1p/6p1/2PBP3/2NB1P2/PP2N1PP/R2Q1RK1 w kq - 2 11,e2g3
Q2bk2r/p2n1ppp/3rp3/q7/8/2N5/PP3PPP/R1B2RK1 w k - 4 18,c1e3
2r3k1/1b3p1p/p3p1p1/1pqpP3/8/1R1B1P1P/P1P1Q1P1/5RK1 w - - 4 26,g1h2
3r1rk1/pp3pbp/2nPb1p1/5p2/5B2/2P2N2/PP2BPPP/RN1R2K1 w - - 5 15,h2h4
4Q2k/1p4qn/p2p1p2/7B/2P1P2P/1P6/P5P1/7K b - - 2 37,h7f8
7r/p4pk1/1p3q2/2p5/4P1p1/4Q1P1/PPKR1P2/8 b - - 4 28,g7g6
rn1qk2r/pp3pbp/2p1pnp1/2PpNb2/3P3P/4P3/PP3PP1/RNBQKB1R w KQkq - 1 8,g2g4
r2q3r/1b2kppp/p7/2ppP3/Pp2nB2/4Q3/1PP1BPPP/3R1RK1 w - - 3 18,f2f3
r1bq1rk1/pp1n1pbp/2p2np1/3p4/8/1PP1PN2/PB1NBPPP/2RQK2R w K - 2 11,c3c4
5rk1/p3qpb1/2nNb1pp/4P3/5B2/4QN2/PrPR2PP/5RK1 b - - 1 21,e6g4
rn1qk1nr/pppbb1pp/3p1p2/4p3/4P1P1/1PNP4/PBPQ1P1P/R3KBNR b KQkq - 2 7,d7g4
8/ppp2pkp/5Np1/8/6P1/3r4/P4K1R/r7 w - - 4 41,f2e2
1r6/1pp1kp2/p6p/3p4/2P1b1P1/1R6/P5PP/4R1K1 b - - 0 31,e7f6
r3r1k1/2R2p2/p7/1p1p2n1/3Pb1P1/B3P3/P6P/6K1 b - - 0 31,a8c8
r1q1brk1/b4ppp/p4n2/1pPNN3/1P6/P3P3/1B3PPP/R2Q1RK1 b - - 0 18,f6d5
6k1/1p3p2/p1b3p1/2P5/4r3/3K4/7p/8 b - - 1 44,h2h1r
r1bqkb1r/2pn1ppp/p3p3/1p1pP3/5B2/2PBPQ2/PP1N1PPP/R4RK1 b kq - 2 11,g7g5
4k3/6Q1/5R2/8/8/4P3/5P2/7K w - - 7 55,h1h2
r1b5/p1p3r1/2k1p2p/1p2P3/3P1p1n/2PB2pP/PP1B2P1/2KR3R w - - 0 27,d3e4
1k1r1b1r/3b4/Bp1P3n/1Np1qpp1/4P2p/1N2B2P/PP3PP1/R2Q1RK1 w - - 1 19,b3c5
8/8/5KbP/6Pk/8/8/8/8 w - - 7 53,f6e7
8/6p1/3k4/1P1Nn3/6P1/3P3P/2r2P2/5K2 w - - 0 38,d5e3
5r1k/6p1/7p/p7/4B3/P3Q2P/5KP1/8 w - - 3 35,f2e2
2kr3r/pp1qbp2/3p1P1p/2p2p2/3p1P2/3P3P/PPP3P1/R1BQ1RK1 b - - 0 15,e7f6
r5k1/2p1r1pp/1p3p2/3p4/5PP1/8/PPPB3P/2KRR3 b - - 1 26,e7e1
r4rk1/1b3pbp/ppq1pnp1/n1p3N1/2P1NP2/P2P4/1P4PP/RBBQ1R1K w - - 2 17,a1a2
r3r1k1/3q1pbp/p4np1/1p4B1/2p5/2P2N2/PP3PPP/R2QR1K1 w - - 2 18,g5f6
8/8/2N5/8/1p6/1kbr4/4K3/8 w - - 0 60,e2d3
8/5k2/p6p/1p6/1n3P2/1P1B4/bKP2PPP/3R4 b - - 4 27,f7g8
Q7/8/4R1p1/7p/3k1n1P/6K1/5P2/8 b - - 2 47,f4e6
1r3k2/5p2/3R2p1/3P3p/4Pp2/5P1P/6PK/8 w - - 1 35,d6f6
r3k2r/1pp2ppp/p1np3q/2bNp3/2B1P1b1/2PP1N2/PP3PPP/R2QK2R w KQkq - 0 10,d5c7
8/3k4/3b1p2/p7/3P2P1/2p2NP1/P1P1KP2/8 b - - 1 37,d7c6
7k/1R5p/p3pr2/8/8/2P4K/PP6/8 w - - 0 43,c3c4
3r1rk1/pb4pN/1qp1R3/1p6/7b/3B4/PPPQ2R1/2K5 b - - 0 22,f8f1
r5k1/1ppn1pp1/p3r2p/3Np3/5P2/1P5P/1PP3P1/4RRK1 b - - 1 19,a8b8
r2qk2r/pp1n1ppp/2p1pn2/2bp2B1/4P1b1/1BNP1N2/PPP2PPP/R2QK2R w KQkq - 2 8,h2h3
6k1/1r1nppb1/2Np3p/1P4p1/1P2P3/5P2/5BPP/2R2K2 b - - 1 29,e7e6
8/1R4pk/7p/8/1P6/2P2P2/1r4PP/6K1 b - - 0 35,h7g6
5r2/6kp/1p2n1p1/2p1Pp2/2Pr4/3P4/1RP3PP/5RK1 w - - 0 27,f1a1
2k4r/2p2ppp/4p3/p1P5/r3nP2/3B4/2K3PP/1R6 b - - 1 25,a4a2
rnb2rk1/1pppnpp1/p4q1p/2b5/4P3/2NB1N2/PPP2PPP/R1BQR1K1 b - - 5 9,f6b6
4r1k1/3r1ppp/pq3n2/8/1P6/P1B3P1/2P1QP1P/R4K1R b - - 1 22,b6c6
1r3rk1/p2b1ppp/2pb4/3p3n/3P4/P1N1PN2/2PB1PPP/R4RK1 w - - 2 17,c3a4
r4rk1/pp1b1pp1/4p2p/3pPn2/8/1P1B4/P1PR2PP/5RK1 w - - 0 22,d3f5
1R6/p2r1p2/k3p1p1/P3B3/1K1Pb2P/4P3/8/R7 w - - 8 34,a1c1
8/8/7p/4kp2/5N1P/4P1P1/r4PK1/8 b - - 6 53,e5f6
rnb2br1/pp2k2p/2pp2p1/4p1N1/4P3/8/PPPP1PPP/RNB1K2R b KQ - 3 11,b7b5
8/8/8/5B1K/5q2/4k3/8/8 w - - 0 59,f5e4
3r1rk1/ppp2ppp/6b1/1q6/8/2P3B1/PPPR2BP/R5K1 w - - 7 22,d2d8
8/1p1n3p/p4k2/3P2p1/4K3/5P1P/P5P1/8 w - - 0 39,f3f4
r3k1nr/1ppqbpp1/p2p4/4p1Np/4P3/1PPPB2P/1P1Q1PP1/R3K2R w KQkq - 4 14,d2e2
R7/4b3/3pk1p1/8/2KPPp2/1QP2P2/1r6/1N6 b - - 0 39,b2b3
r4rk1/4qbp1/p1n1p2p/1pppPp2/2P2P2/1P1BP2Q/PB4PP/R4RK1 w - - 1 21,c4d5
r2q1rk1/ppp2ppp/2nbpn2/3p3b/3P4/PN2PN1P/1PP1BPP1/R1BQK2R w KQ - 5 9,e1g1
8/8/p3rk2/1p1R1p2/1Pp2Pp1/P5P1/2P2K2/8 w - - 3 37,a3a4
8/1p3k2/pQ1R1b2/6p1/7p/PP5P/5PPK/4q3 b - - 7 45,f6e5
r1bq1rk1/pppnbppp/5n2/4p1N1/2B1P3/5P2/PPP3PP/RNBQ1RK1 b - - 0 8,e7c5
2r3k1/1p3ppp/1p2p3/nR1nN3/3P3P/P3B3/2r2PP1/R5K1 w - - 2 23,e5d3
rn5r/pp2k1pp/2p2p2/3p1b2/3N4/2P2P2/P1P4P/2KR1B1R b - - 1 15,f5d7
8/6p1/5pKp/8/7P/6P1/5q2/4k3 b - - 1 49,e1f1
1k4rr/1p1q1p2/pPnp4/5p1p/2P2P1P/3P1Q2/5PB1/R4R1K b - - 2 24,d7d8
r1bqk2r/pp2bppp/1n2p3/2p1P3/3P1P2/P1P2N2/2B3PP/R1BQ1RK1 b kq - 1 13,g7g6
r7/1b3p1k/p1p1p3/1p2N1q1/3PP3/2P5/P3QPP1/1K1R4 w - - 0 31,d1d3
8/p7/1p5p/3k2pP/4p1P1/4K3/4B3/8 w - - 0 51,e2a6
r5k1/pbpn1ppp/1p2p3/8/2PP4/5PP1/P3B2P/2R2RK1 w - - 3 22,f3f4
rnbqkb1r/ppp3pp/4p3/3n1p2/2BP4/1P3N2/PBP2PPP/RN1QK2R b KQkq - 1 7,f8b4
6k1/5pp1/1N2p2p/p1p5/4P3/5P1P/r5PK/8 w - - 0 36,h3h4
r1bq1rk1/ppp2ppp/2nb1n2/8/8/2PN4/PP1NBPPP/R1BQ1RK1 b - - 4 9,c8e6
r2q1rk1/pp2pp1p/2pp2p1/5b2/2P1NP2/1P2P1P1/Pb1P1R1P/1R1QK1N1 b - - 1 17,b2g7
rn2k1nr/pb1p1ppp/1p2q3/3pP1N1/8/2BB4/PP3PPP/R2QK2R b KQkq - 3 12,e6e7
3r1rk1/p4p1p/1p4p1/2p1n3/3pP3/1P1P1NN1/P1P2RPP/4R1K1 b - - 4 18,e5g4
8/N7/8/5p2/1R2pk2/8/P4PPP/6K1 w - - 3 31,g1f1
r1bq1r2/pp1n1pkp/2pp2p1/4p3/2P1P3/3P4/PP1QBPPP/R3K1NR w KQ - 0 12,h2h4
r3k2r/pp1n1Pp1/2p1p2p/3q4/3N2P1/1P6/PKPPQ3/3R1B1R b kq - 0 16,e8e7
6k1/2p2pp1/p2q3p/2pP4/P2nQ3/4P3/6B1/6K1 b - - 0 36,d4e2
r1b1kb1r/pppp1p1p/7p/2q5/2B1P3/3P1Q2/PPP3PP/RN3R1K b kq - 3 10,c5e5
8/1k6/P7/1KP5/6r1/5RP1/8/8 b - - 0 48,b7a7
8/5pbk/7p/7K/3n1B2/7P/1R6/8 b - - 0 44,d4e6
2kr3r/pp2bpp1/q3p3/2p1P3/P2B1PPp/1P1P2nP/2KN1QB1/3R2R1 b - - 0 21,d8d4
8/r6k/2R5/p2n3P/1P5K/8/2P5/8 b - - 0 49,a5a4
rn3rk1/pbb3pp/3p2q1/1p3p2/3P4/B1nBN3/P3QPPP/RN3RK1 w - - 0 16,b1c3
5k2/4b1p1/5r2/1P1QB1qp/1p6/8/P4PPP/4RRK1 b - - 0 28,g5g4
8/6rp/q4kp1/5p2/1Q2p3/1P2P3/P4PPP/R5K1 w - - 1 32,b4d4
r5rk/p3np2/2qb4/2p5/2P2p1P/8/P1PQ2R1/7K w - - 0 34,d2e2
r1bqk2r/p5pp/1p2pn2/3p4/1bpQ1P2/2N1P1P1/PPPB2BP/R3K2R b KQkq - 3 13,b4c5
7r/3p3p/7k/3B4/6Q1/8/3N1PPP/6K1 w - - 1 38,h2h4
1rr3k1/1pp3b1/p1n1R1B1/3p2B1/3P4/2P5/P4PP1/4R1K1 w - - 3 27,g2g4
8/8/1Pk5/7p/1p4p1/6P1/5P2/4K3 w - - 4 43,e1e2
r1b1k1r1/p1bn1p2/2p1pq1p/1p1p4/1P1P2Np/P1N2P2/2P1B1PP/R2QK2R b KQq - 4 15,f6g5
r2nk1nr/pp3ppp/8/2bP4/6b1/5N2/PP3PPP/RNB1KB1R w KQkq - 1 10,f1b5
6k1/ppq2pbn/2pN3p/3p1QpP/3P4/1PP2PP1/P5KN/4r3 w - - 2 28,d6c8
3r2k1/1bq2pp1/p2pp1p1/1pn5/8/PBP4Q/1P3PPP/3RR1K1 w - - 1 22,b3c2
r2qkb1r/1p3ppp/5nb1/p1ppp3/Pn4P1/1PNPP2P/1BP1QP2/R3KBNR w KQkq - 1 10,e1c1
r2qkb1r/ppp2p2/2n1pn1p/3p1bp1/3P1B1N/4P2P/PPPN1PP1/R2QKB1R w KQkq - 0 10,h4f5
r3k1nr/p2n1ppp/2pqp3/1p6/P1pP4/2N1P3/1P2BPPP/R2QK2R b KQkq - 0 11,a8b8
6Q1/8/k7/2Q5/4N3/4K3/8/8 w - - 1 56,g8h8
2kr2r1/4bp2/p3p1p1/1ppn3p/3pNq1P/PP1P1P2/1BP3Q1/1K4RR w - - 2 24,b2c1
1R4r1/p3k3/5r2/8/8/3P3K/PP6/8 w - - 5 36,b8g8
3Qq1k1/1B3ppp/p3p3/4P3/b7/1P2P1P1/P4P1P/6K1 w - - 1 24,d8e8
3rr1k1/pp3pb1/2p2p1p/q4b2/3P1Q2/P4NN1/1P3PPP/3R1RK1 w - - 6 22,g3f5
3qr1k1/4bppQ/5r1p/pp1p4/2pP4/2P4P/PPB2PP1/R3R1K1 b - - 1 23,g8f8
r2q1rk1/pp1bppbp/2n2np1/3p4/3P4/2N2NP1/PP2PP1P/R1BQRBK1 b - - 5 10,d7f5
r2q1rk1/ppp1b2p/2n5/3p1ppB/3P4/2P3B1/PP1N2PP/R2QR1K1 b - - 1 17,g5g4
2kr1br1/p3p3/1p3p2/2p5/2P2p1p/3PR3/PP1Q1P1P/R4K1q w - - 4 21,f1e2
r2qkb1r/p3pp2/n1p1bnp1/6Bp/8/1PP5/P4PPP/RNQ1K1NR w KQkq - 1 13,g1f3
6k1/5pp1/p1r4p/3p4/3P4/2r4P/1RP1RPP1/6K1 b - - 3 28,c3c4
8/5Bk1/4P3/p7/P1r1K3/1R6/7P/8 w - - 0 45,e4e5
r2q1rk1/pb3pbp/1p2p1p1/2npP3/5B2/2P2N1P/PPB2PP1/R2QR1K1 b - - 4 15,a8c8
r2q1rk1/p4ppp/2p5/3p4/3P2bP/2P1PNb1/PP1NB3/R1BK3Q b - - 4 17,d8d7
r5k1/p1qn1ppp/1r2bp2/1B1p4/Qb1P4/2N1PN2/PP3PPP/2R1K2R b K - 8 14,b4f8
rn1q1rk1/p1p2ppp/1p6/3p3b/3Pn3/1QP1PN1P/P3BPP1/R1B1K2R w KQ - 0 12,c3c4
r2qk2r/p1p2p2/1p1pp3/8/PPPb1N2/4n1P1/3B2KN/1R6 w kq - 2 25,d2e3
2r2b2/7p/2k2p2/p2p1P2/2pP4/P2n1N2/5PPP/2R1R1K1 w - - 1 28,e1e6
7k/2p4p/p1Bp3r/2b5/2Pp1Pp1/3P2P1/PP5r/R4RK1 b - - 5 28,h2e2
6k1/6p1/4R2p/3pPp2/2pP1P2/2n1BN1P/3N2PK/r7 b - - 0 35,c3e2
2r1qr1k/1p3bpp/pn1b4/2pP1PB1/2P1B3/1P6/P5PP/R2Q1RK1 w - - 3 25,d1g4
6k1/5p2/6p1/4R2p/2B1P3/P6r/KP1r4/8 w - - 0 36,a3a4
r1bq1rk1/ppp1bppp/2n5/8/3P4/1BP2N2/P4PPP/R1BQR1K1 b - - 4 12,c8f5
r1bq1rk1/ppp1bppp/2np4/8/4P1n1/1PNP1Q2/PBP2PPP/R3KBNR b KQ - 3 10,f7f5
1bbk3r/5ppp/2p1pn2/p7/Q1BP4/P3PN2/5PPP/6K1 w - - 0 20,f3e5
br6/6pp/1n2pk2/4Np2/1p1P1P1P/2p3P1/5P2/2R2BK1 b - - 3 32,a8e4
r2q1rk1/pp2bpp1/2n2n1p/3p1b2/7B/2N1PN2/PP3PPP/2RQKB1R w K - 4 12,f1b5
1r4k1/4pp2/p7/6p1/6P1/2P2B2/bP3K2/1R6 w - - 0 30,b1a1
2kr2nr/pp6/2ppp1pp/8/P2RP3/6N1/1PP2q1P/1K4R1 w - - 0 22,d4d1
r4rk1/1pp2pp1/p5q1/2NpP1p1/3P2P1/P7/2P5/2KR3R b - - 1 25,f7f5
8/8/5k1p/1p3r1P/p2P1p2/PpP2Rp1/1P4K1/8 w - - 4 50,f3f1
r1bqk2r/p3p1bp/1pp2ppn/2p5/4P3/2NPBN2/PPP2PPP/R2Q1RK1 w kq - 0 9,d1c1
3r3k/pp3Bpp/2p2p2/7q/3BPPb1/1P6/P4KQ1/R7 b - - 0 29,h5f7
1n2k2r/pB1p1p2/1ppbp2p/6p1/3P4/2P1B1Nq/PP2QP1P/2KR4 b k - 5 17,e8d8
r1b1k2r/pp2nppp/1bn1p3/3pP3/PP6/2B2N2/5PPP/1Q2KB1R w Kkq - 1 14,b4b5
r2k3r/pp2p3/3P2Bn/4p2p/6p1/8/PP3PPP/R3K2R b KQ - 0 21,e7d6
4k3/3r1p2/p3pBp1/2pr1bPp/PpR2P1P/1P1PR3/4K3/8 b - - 7 39,f5d3
8/p4Rp1/6kp/b2K4/P7/7n/8/8 w - - 2 46,f7a7
2b4r/7p/6p1/3Nk3/Q7/8/PPP2PPP/3R1RK1 w - - 0 31,h2h4
8/2p4R/3p4/p3kp2/7p/4PK2/P1r5/8 w - - 6 49,h7h4
8/8/p7/1pp3kP/4p1P1/2P3K1/PP3P2/8 w - - 0 37,b2b4
r3r1k1/3Rpp1p/p5p1/1p2P3/5n2/P1N4P/1PP3P1/3R2K1 b - - 0 23,f4e6
8/8/8/4N1PP/8/4PQ2/RP1K4/6k1 w - - 7 51,h5h6
8/8/1k5p/p1p5/Pp6/1P1P2QP/2Pq3K/8 w - - 28 60,h2g1
rnb1k1nr/pp3ppp/4p3/2q5/2p5/1PN2N2/P1K1P1PP/2RQ1B1R b kq - 1 11,g8f6
r3kb1r/ppp2ppp/n2p1q2/3Pp3/P1N1P3/1P3B2/1B2K1PP/3Q3R b kq - 0 15,f6d8
8/2pk2b1/4p2p/3Pn3/3K4/5qPP/8/1N6 b - - 3 36,g7h8
8/2k4r/pp5p/6p1/P3Pp2/2b5/6PP/4R1K1 w - - 0 28,e1c1
8/3k4/n1p2p2/2P1pPp1/N3P1P1/3K4/8/8 b - - 6 46,d7e8
8/5p2/4b1k1/r5p1/8/4R1KP/5PP1/8 b - - 14 49,a5a2
8/3n4/5k1p/2p2p2/5P2/2P3P1/1r1N2BP/4R1K1 w - - 1 35,d2c4
r1b2bkr/p3p1pp/5n2/q3n3/1p2N3/1Q6/PPPP1PPP/R1B2RK1 b - - 3 12,e5f7
1kr4r/1pq3b1/p3pNnN/4p1P1/2PpPp2/P4Q2/1PP5/1K4RR b - - 0 27,c7c4
r2q1rk1/bp1b1ppp/p7/4Pp2/3Np3/P3B3/1P2Q1PP/3R1RK1 w - - 0 23,d4f5
r1bqkb1r/1pp2ppp/p1n2n2/8/2BP4/4PN2/PP4PP/RN1QK2R w KQkq - 0 9,f3g5
8/1p1rp3/p4kp1/8/3r4/7P/PP2RPP1/4R1K1 b - - 0 26,d4d6
6k1/8/8/6pp/8/7q/8/6K1 b - - 1 53,h5h4
r3k2r/3nnppp/2p1p3/3pPb2/1q6/2N2N2/P2Q1PPP/2R1KB1R w Kkq - 6 15,a2a4
8/4b1N1/2p2p2/4p1p1/1pbkP1P1/5K2/P1B5/8 w - - 0 47,g7f5
6k1/5pp1/p3p1bp/4P3/Qp2B1P1/4K3/Pr4P1/8 b - - 1 27,g6e4
r2qkbnr/1p3ppp/p1p5/2p1p3/4P1b1/2PP1N2/PP3PPP/RNBQK2R w KQkq - 0 7,h2h3
r3kb1r/ppp2ppp/1q1pb3/1N6/P7/1P6/2P1BPPP/R3R1K1 b kq - 0 15,a7a6
r2qk2r/p1p1b3/2ppP1p1/3n1p1p/3p4/2P2Q1P/PP3PP1/RNB1R1K1 w - - 0 16,f3g3
r2qkr2/1p2b2p/p1n1Qnp1/3p4/3P4/2PB4/PP4PP/RNB2RK1 w q - 1 14,c1h6
8/p4p2/b1r1pk2/3p3p/5P1P/1P6/PKP3P1/4R3 w - - 4 27,e1e5
2r3k1/pp4pp/8/5p2/1P1PnP2/1q3QP1/1Br1RR1P/6K1 w - - 5 23,f3b3
r2qk2r/1pp2ppp/p1nbpnb1/3p4/3P4/P1NBPNB1/1PP2PPP/R2QK2R w KQkq - 3 9,c3e2
r4rk1/1qpn1ppp/4p3/p2pP3/1n1P4/1PB1N1P1/P1Q2P1P/R3R1K1 w - - 3 19,c3b4
r4qk1/2p1n1p1/3p3p/pp1Pp1PP/4Pr2/P4N2/1PPQ4/2K2R1R w - - 1 25,d2e2
4r3/pp3p1k/1qp4p/7B/1n5N/3P2Pb/PPPQ1R1P/7K w - - 2 25,f2f7
2rr2k1/5p1p/p7/1p1p2p1/3P2Q1/1P4P1/P4nBP/4R1K1 w - - 0 31,g4g5
r4rk1/1b1p1p1p/pp1qpPp1/8/2Pp4/3P4/PPQ1B1PP/R4RK1 w - - 0 19,e2f3
2b2r1k/5pp1/2p5/1p2p1p1/4P3/1P1P3P/1P3PP1/R4RK1 b - - 0 23,c8e6
8/8/8/p5k1/P5P1/1P3K2/8/8 w - - 7 47,f3e2
7r/pp6/3B1Q2/2P3pk/6r1/7P/PP6/3R1RK1 w - - 0 33,h3g4
8/pQ5p/4pkp1/8/8/7P/PPq2PP1/5RK1 w - - 0 23,b7f3
5rk1/1ppb1ppp/4p3/3p2P1/1r1P1P2/4P3/q6P/1NK2B2 w - - 0 27,f1d3
r2qkb1r/1p3ppp/p1b2n2/3pN1B1/8/2N5/PPP2P1P/R2QK1R1 b Qkq - 1 12,f8d6
r2qk2r/ppp3pp/3pbb2/4p3/P3PP2/7N/1PnP3P/RNB1K2R w KQkq - 0 16,e1d1
1rb1rnk1/4q2p/p3ppp1/2p1P3/1pPpB3/1P1P1N1Q/P2B2PP/R4RK1 w - - 0 22,e5f6
1R1rk2r/Q2nn1p1/2p2pq1/2P1p3/4P3/2N3P1/P4P1P/5BK1 b - - 4 24,d7b8
8/7k/7p/7r/8/8/6K1/8 w - - 0 47,g2g1
r5k1/1p2rpp1/2p4p/1p1p4/6P1/2P5/P1K3P1/b6R w - - 0 30,c2b3
6kr/1q3p2/2p1pQp1/RpPpP3/1n1P3N/7P/5PP1/6K1 b - - 0 33,g8h7
3k4/4R3/8/5p1p/1B2bP2/P5K1/2P4P/4qr2 w - - 0 39,b4e1
rnbq1bnr/pppppk1p/6p1/5p1Q/4P3/8/PPPPBPPP/RNB1K1NR w KQ - 2 4,h5f3
r2q1r1k/1p1n1ppb/1p1p1n1p/1BpPpN2/4P1P1/P1P4P/1P1NQP2/R4RK1 b - - 6 18,h7f5
5rk1/p4pp1/2p1q2b/1p6/2p5/5P2/PPPB3Q/1K5R w - - 4 28,a2a3
r3k2r/1b1nqppp/p3p3/2p1P3/B2n1P2/2N3P1/PPPQ3P/2KR3R w kq - 1 18,h1e1
5k2/1Bp3p1/p2b2P1/1p2rp1P/8/2P2P2/PPK5/7R b - - 1 30,e5e2
r1bqkbnr/pppppppp/8/n7/4P3/3B4/PPPP1PPP/RNBQK1NR b KQkq - 4 3,c7c5
8/2K5/3P4/R7/2k5/p2r4/8/8 b - - 1 64,c4b3
rn2k2r/pp3ppp/2p1bn2/4p3/1P2P3/5P2/PP4PP/R1BK1BNR w kq - 1 10,b2b3
4r1k1/ppqn1pp1/2p2n1p/3p4/3P1b1B/2PB1P1P/PPQ2P2/4RNK1 w - - 1 18,e1e8
r3r1k1/2p2pp1/pp1qp3/3nNn1p/1PR1P3/P5P1/1B1P1PBP/3Q1RK1 b - - 0 19,c7c5
2r2rk1/ppp2p1p/2p2p2/4P2Q/1bn1q3/8/PP3PPP/RN3RK1 w - - 0 15,f2f4
3r2k1/1b4pp/p4p2/1ppprP2/8/P2P3P/1PP1NRP1/R5K1 w - - 2 21,d3d4
8/6kp/r1p3p1/2PpNpK1/3P4/8/5PPP/8 w - - 6 39,g5f4
3q1rk1/r2nbpp1/1ppp3p/p3pN2/P1B1P1P1/2PP3P/1P2QP2/R4RK1 b - - 2 18,e7g5
r2q1rk1/ppp1ppbp/2n3p1/3p4/3PnPN1/2P1P3/PP2B1PP/RNBQ1RK1 w - - 1 10,g4f2
rn1qkb1r/3npppp/p1p3N1/1p1p4/2PP2P1/1P2P2P/P2N1P2/R1BQKB1R b KQkq - 0 10,h7g6
Q4bk1/3b1ppp/8/1p1p2P1/3Pp3/7P/2K5/1n3N2 w - - 0 32,c2b1
2r3k1/p1r2p1p/4b1p1/8/pP1B4/4P2P/5PP1/R4RK1 w - - 0 27,a1a4
rn1qkb1r/pbpp2pp/1p2pn2/6B1/3PP3/3B4/PPP1N1PP/RN1QK2R b KQkq - 2 7,f8e7
r4r2/ppp2pkp/5np1/8/2P5/2NbP3/PP1N1PPP/3RR1K1 b - - 1 17,f8d8
2r3k1/4bbpp/5p2/2P1p3/1P1p2P1/2p4P/7K/R1R2B2 w - - 0 42,a1a7
8/8/4p3/8/8/3k4/6K1/r3q3 w - - 0 65,g2h3
r1b1k1nr/ppp4p/2n3p1/4bp2/4P2q/P1NP4/1PP1B1PP/R1BQK2R w KQkq - 2 10,g2g3
r4rk1/1b1qb3/p1n1p1p1/1p1p1p2/2p2P2/1P2P3/PBPPB1P1/R3QRKN b - - 1 18,c4b3
8/8/8/2p2k1p/4p3/1pB1K1PP/8/8 w - - 0 42,c3g7
4r1k1/ppp1rpp1/2n5/3p1qP1/3P3Q/1PP1P2P/P5R1/R1B3K1 b - - 0 24,e7e4
r5k1/pp5p/2p3p1/3p2P1/3qp3/1Qb4P/P5BP/1K4R1 w - - 4 29,g1d1
rnb4r/ppp3pp/3qNnk1/2b1p3/2p1P3/8/PPPP1PPP/RNB2K1R b - - 9 9,d6e6
r2qk2r/pppnbppp/4bn2/3p4/2BP4/5N2/PPP2PPP/RNBQR1K1 w kq - 10 9,c4d3
B5k1/p1p3p1/8/4n2p/1P4r1/P6K/2P2P2/RN3N2 w - - 0 22,f2f3
r4rk1/ppp2ppp/3q1n2/4p3/3pP3/3PnQPB/PP2NK1P/1N2R3 b - - 4 16,f6d7
r1bqr1k1/1p3p1p/4pBp1/p2p3n/8/P2B1Q2/1PP1NPPP/R4RK1 b - - 0 17,h5f6
r2qk2r/ppp2pp1/2nbp3/3n2N1/5P2/2NBB1Q1/PPP3P1/R4RK1 b kq - 0 13,d5e3
2kr2nr/Q1p3pp/1pqbp3/5p2/2BP1B2/2N1PK2/PP3P1P/7R w - - 1 17,d4d5
8/1k6/1pr5/8/1K6/8/6p1/8 w - - 0 46,b4b5
r1b1k2r/pppp1pbp/4p1p1/8/5n1q/1B3PN1/PPPP1P1P/R1BQRK2 w kq - 13 14,e1e4
r2qkbnr/3b2pp/p1p1pp2/2ppP3/3P4/2P2N2/PP2QPPP/RNB1K2R w KQkq - 0 9,e1g1
5k2/5p1p/4p1pP/3p4/1P6/2K2P1R/r7/8 b - - 0 34,f8e7
1k1rr3/p1b2pp1/2B1p2p/1p6/1P1P1n2/1QPq2P1/P2B1P1P/R4RK1 w - - 1 23,d2f4
4r3/p3p1kp/1pQ3p1/3p1p2/5n2/7R/PP3PPP/3R2K1 b - - 0 31,f4h3
rnbq1r2/p2n1ppk/1p2p3/2p1P1N1/2PP3P/8/PB1K1PP1/R2Q3R b - - 1 14,h7h6
r2q4/p7/1p2p2k/4P1n1/3b1N1P/3Q4/PP4K1/8 b - - 0 36,g5e4
r5k1/pp1n1pp1/2q4p/5b2/8/P1b2NP1/4QP1P/2R2K1R b - - 0 19,d7e5
5rk1/p3npp1/3qp1p1/2rp4/8/2N2P2/PPP1Q1PP/R3R1K1 w - - 0 17,c3a4
8/1K6/8/2P5/8/8/7Q/7k b - - 0 53,h1h2
2Q5/5p2/8/7p/1K6/P6P/5k2/1q6 w - - 13 43,b4a5
r1k4r/6Rp/1p6/p1pp4/8/5P2/PP4PP/4R1K1 b - - 1 25,a5a4
r1bqk2r/2p2pbp/p1p1p1pn/3p4/3P1B2/2N1PN2/PPP2PPP/R2Q1RK1 w kq - 2 9,e3e4
r2q1rk1/pppbbpp1/2np1n1p/4p3/8/2PP1NP1/PPQNPPBP/R1B2RK1 w - - 0 9,b2b3
2rq2r1/p4kb1/2p1p3/np1p1n1p/1N1PpPpP/1B2P3/PPP1Q1P1/2KRB2R b - - 1 23,a5b7
r3k1nr/2p3p1/p2ppq1p/1p2p3/3NP3/P1NP3P/1PP2PP1/1R1Q1RK1 b kq - 0 13,e5d4
8/1p4k1/p1n4p/1r1p3K/7P/8/2R5/8 w - - 2 36,c2g2
K7/8/8/5R2/4QP2/6k1/8/8 w - - 1 68,f5h5
r2k3r/p7/2p3p1/1p2p2n/3pP2P/N1Pn4/PPKN4/3R3R b - - 1 26,d3f2
1q3rk1/1p2bpp1/p1n1bn1p/3p4/3Np3/P1N1P2P/1PP1BPP1/R2Q1RK1 b - - 1 16,c6d4
r2k2r1/8/2p1P3/4P3/1n6/6PR/p1p4K/R7 w - - 0 41,h3h7
r4rk1/ppq2p2/1bp2n1p/3pP1p1/7B/3Q3P/PPB2PP1/R4RK1 w - - 0 19,e5f6
3r1rk1/1p1nqppp/B2p4/p2Pp3/4P3/PP2PNR1/3Q2PP/5RK1 b - - 0 25,b7a6
2kr3r/ppp1nppp/5q2/2b5/2QN4/2P1P3/PP3PPP/R1B2RK1 b - - 0 13,c5d6
rnbq1rk1/p4pb1/2p1pnpp/1p2P1N1/3P4/1QN3P1/PP2BP1P/R1BR2K1 b - - 0 14,f6d5
2q3k1/2P1rpp1/B1p4p/3p4/3P4/5P2/3Q1KPP/8 w - - 0 35,a6c8
Q7/8/7k/8/1B4KP/2P5/8/8 b - - 0 57,h6h7
r2q1rk1/ppp3pp/2b1p1p1/6B1/2PP4/6P1/PPQ2P1P/R4RK1 b - - 0 15,d8g5
r1b3k1/pp4pp/2p1p3/3pP3/3PpNQ1/6P1/PPPq1r1P/1K5R b - - 1 17,d2c2
rn1qkb1r/1bp2ppp/p3pn2/1p6/3P4/2NQ1NP1/PP2PP1P/R1B1KB1R b KQkq - 0 8,c7c5
r3k2r/ppqn1ppp/3bbn2/2p5/3pPN2/P4P1P/1PPPN1P1/R1BQKB1R w KQkq - 5 11,d2d3
r1b3k1/pp1n1p1p/1q4p1/1P6/3b4/3B1N2/2Q2PPP/3RR1K1 b - - 1 20,d4c5
8/p2k3p/3P2p1/1Nn5/8/8/1KP3PP/3R4 b - - 1 28,c5a4
r4rk1/1p3ppp/5q2/p7/Qn6/1RNB4/2P2PPP/4K2R b K - 2 20,f8e8
R4b1r/1p2kppp/1N2pn2/1Pn5/4PB2/6P1/1P3PBP/6K1 w - - 4 21,e4e5
r2qk2r/ppp2p2/3pbn2/4p2p/3bP1pP/2NP2B1/PPP1BPP1/1R1Q1RK1 w kq - 2 13,d1d2
r3r1k1/6p1/7p/2p1B2P/2Pp4/p3p1Pb/4B3/1R2K3 w - - 4 31,e2f3
2b2rk1/1r4pp/2p5/3p3P/3qN1PQ/PB6/1KP2P2/3n3R w - - 0 28,b2c1
6k1/p4p1p/1r6/q1p1p3/1P2P3/P2P4/K1P5/1RB5 b - - 0 42,c5b4
3r1rk1/ppp2ppp/2n1b3/2P2q2/4pPP1/1P2P3/P6P/3RKBNR b K - 0 15,f5c5
6k1/pp3pp1/2p2n1p/P2p4/3Pq3/2P2P1P/1Bb3PK/2Q2B2 b - - 0 23,e4f5
k6r/pp3ppp/8/2bN4/5Q2/8/PPP2PPP/2K2B1R w - - 3 19,g2g3
rn1qkbnr/pppb1ppp/8/8/4p3/2N1P3/PPPBBPPP/R2QK1NR b KQkq - 3 6,g8f6
6rr/1bqn1k2/p4Rp1/1pp5/3pP3/2PP2QP/PP1NB2K/5R2 b - - 0 24,d7f6
4k1r1/pb5p/6r1/2p1q1P1/2NpP3/8/PPP1P2P/R2Q3K w - - 0 24,c4e5
8/8/3P4/8/kP5P/2K1P3/6p1/8 w - - 0 44,c3d4
rnbq1rk1/ppb2ppp/2pp1n2/P3p1N1/1PB1P3/2PP4/5PPP/RNBQK2R b KQ - 2 9,h7h6
8/p5R1/2pkpp1p/3nn2Q/8/7P/5PP1/2q3K1 w - - 2 38,g1h2
2Q5/5pbk/7p/6p1/2p2rP1/6K1/8/8 b - - 5 43,g7a1
6k1/7p/pBr3p1/1p4N1/4K3/8/6PP/8 w - - 0 35,b6a5
r2qk1nr/pp1bbppp/2n1p3/3pP3/2pP1BP1/2P2N2/PP1N1P1P/R2QKB1R b KQkq - 2 8,b7b5
r1bq1rk1/p3bppp/2pn1n2/1p2p1P1/1P2P3/2P2Q1P/P1B1NP2/RNB1K2R b KQ - 0 14,f6e8
2r1k2r/p1qb1pp1/1pn1pn1p/3pN3/1B1P4/P1NBP3/1PP2PPP/1R1Q1RK1 w k - 2 16,c3b5
1r4k1/R4pp1/4p3/2p1n3/P1PbP3/3P3P/2P3BK/5R2 b - - 0 29,b8b2
1r1q1rk1/p1p3pp/2p1p3/3b1p2/3P1BP1/P1Q1P2P/1P3P2/2R1K3 w - - 0 18,g4g5
rnbq1rk1/ppp1pp1p/3p1npb/8/1P3P2/4P2N/P1PPB1PP/RNBQ1RK1 b - - 0 6,c8h3
8/5p2/8/3K2k1/6n1/8/8/8 b - - 5 61,g4f2
2k4r/ppp3p1/2p1pn2/2q4p/1P3Q2/3r3P/P2PNPP1/R1B2RK1 b - - 0 15,c5f5
r1bqr1k1/1pp1ppbp/n2p1np1/p7/3P4/2PBPNB1/PPQN1PPP/R3K2R b KQ - 6 9,c7c5
8/ppk5/2p1b1p1/4P2p/1P1K1P2/2P3PP/1P6/8 b - - 0 37,e6h3
r5r1/pkp2p1p/2p5/3R2B1/8/2P4Q/PP3PPP/4R1K1 b - - 0 23,c6d5
2kr4/1pp2ppp/p7/2P2b2/3n1P2/P2N2P1/2P3P1/3BR1K1 b - - 0 26,d4c2
r4rk1/5ppp/pqp2b2/3p4/P2Pb1P1/1P2BN1P/5P2/R2QR1K1 b - - 0 19,e4f3
8/8/8/6P1/p7/k7/P1P4P/3R2K1 w - - 0 41,d1d4
